AS_ID,RES_TYPE,RES_ID,PNODE_ID,BUS_ID,FNMVERSION,RELEASE_DATE,GROUP,Lat,Long,
AS_SP26,GEN,SYDRO_6_FCELL,SANYSDRO_6_N013,22740_SANYSDRO_69.0_GUM1,22M7_DB114,2022-07-28 0:00:00,4836,32.545077,-117.069661,
AS_SP15,GEN,SYDRO_6_FCELL,SANYSDRO_6_N013,22740_SANYSDRO_69.0_GUM1,22M7_DB114,2022-07-28 0:00:00,4836,32.545077,-117.069661,
AS_SP15,LOAD,SYDRO_6_LD32,SANYSDRO_6_N004,22740_SANYSDRO_69.0_LD32,22M7_DB114,2022-07-28 0:00:00,4838,32.562128,-117.026591,
AS_SP26,LOAD,SYDRO_6_LD32,SANYSDRO_6_N004,22740_SANYSDRO_69.0_LD32,22M7_DB114,2022-07-28 0:00:00,4838,32.562128,-117.026591,
AS_SP26,LOAD,SYDRO_6_LD31,SANYSDRO_6_N001,22740_SANYSDRO_69.0_LD31,22M7_DB114,2022-07-28 0:00:00,4837,32.562157,-117.026397,
AS_SP15,LOAD,SYDRO_6_LD31,SANYSDRO_6_N001,22740_SANYSDRO_69.0_LD31,22M7_DB114,2022-07-28 0:00:00,4837,32.562157,-117.026397,
AS_SP15,GEN,BORDER_6_UNITA1,CPBORDER_7_B1,22149_CPBORDER_13.8_GU1,22M7_DB114,2022-07-28 0:00:00,371,32.566132,-116.944759,
AS_SP26,GEN,BORDER_6_UNITA1,CPBORDER_7_B1,22149_CPBORDER_13.8_GU1,22M7_DB114,2022-07-28 0:00:00,371,32.566132,-116.944759,
AS_SP26,LOAD,BORDER_6_LD32,BORDER_6_N001,22076_BORDER _69.0_LD31,22M7_DB114,2022-07-28 0:00:00,369,32.566114,-116.944024,
AS_SP15,LOAD,BORDER_6_LD32,BORDER_6_N001,22076_BORDER _69.0_LD31,22M7_DB114,2022-07-28 0:00:00,369,32.566114,-116.944024,
AS_SP26,LOAD,BORDER_6_LD31,BORDER_6_N008,22076_BORDER _69.0_LD32,22M7_DB114,2022-07-28 0:00:00,368,32.566568,-116.944387,
AS_SP15,LOAD,BORDER_6_LD31,BORDER_6_N008,22076_BORDER _69.0_LD32,22M7_DB114,2022-07-28 0:00:00,368,32.566568,-116.944387,
AS_SP26,GEN,LARKSP_6_UNIT 2,BDLRKSP2_7_B1,22075_BDLRKSP2_13.8_GU2,22M7_DB114,2022-07-28 0:00:00,2043,32.56745,-116.942317,
AS_SP15,GEN,LARKSP_6_UNIT 2,BDLRKSP2_7_B1,22075_BDLRKSP2_13.8_GU2,22M7_DB114,2022-07-28 0:00:00,2043,32.56745,-116.942317,
AS_SP26,GEN,LARKSP_6_UNIT 1,BDLRKSP1_7_B1,22074_BDLRKSP1_13.8_GU1,22M7_DB114,2022-07-28 0:00:00,2042,32.567447,-116.942233,
AS_SP15,GEN,LARKSP_6_UNIT 1,BDLRKSP1_7_B1,22074_BDLRKSP1_13.8_GU1,22M7_DB114,2022-07-28 0:00:00,2042,32.567447,-116.942233,
AS_SP15,LOAD,IMPBCH_6_LD30,IMPRLBCH_6_N004,22352_IMPRLBCH_69.0_LD30,22M7_DB114,2022-07-28 0:00:00,1786,32.583522,-117.097331,
AS_SP26,LOAD,IMPBCH_6_LD30,IMPRLBCH_6_N004,22352_IMPRLBCH_69.0_LD30,22M7_DB114,2022-07-28 0:00:00,1786,32.583522,-117.097331,
AS_SP15,LOAD,IMPBCH_6_LD32,IMPRLBCH_6_N001,22352_IMPRLBCH_69.0_LD32,22M7_DB114,2022-07-28 0:00:00,1787,32.583554,-117.097158,
AS_SP26,LOAD,IMPBCH_6_LD32,IMPRLBCH_6_N001,22352_IMPRLBCH_69.0_LD32,22M7_DB114,2022-07-28 0:00:00,1787,32.583554,-117.097158,
AS_SP26,LOAD,OTAY_6_LD32,OTAY_6_N014,22613_OTAY GEN_12.0_LD32,22M7_DB114,2022-07-28 0:00:00,2802,32.595153,-117.057824,
AS_SP15,LOAD,OTAY_6_LD32,OTAY_6_N014,22613_OTAY GEN_12.0_LD32,22M7_DB114,2022-07-28 0:00:00,2802,32.595153,-117.057824,
AS_SP15,LOAD,OTAY_6_LD33,OTAY_6_N001,22613_OTAY GEN_12.0_LD33,22M7_DB114,2022-07-28 0:00:00,2803,32.595173,-117.057762,
AS_SP26,LOAD,OTAY_6_LD33,OTAY_6_N001,22613_OTAY GEN_12.0_LD33,22M7_DB114,2022-07-28 0:00:00,2803,32.595173,-117.057762,
AS_SP15,GEN,OTAY_6_PL1X2,RAMCOOY_7_B1,22617_RAMCO_OY_13.8_GUA1,22M7_DB114,2022-07-28 0:00:00,2804,32.595394,-117.057922,
AS_SP26,GEN,OTAY_6_PL1X2,RAMCOOY_7_B1,22617_RAMCO_OY_13.8_GUA1,22M7_DB114,2022-07-28 0:00:00,2804,32.595394,-117.057922,
AS_SP15,LOAD,OTAYLK_6_LD1,OTAYLAKE_6_N001,22612_OTAYLAKE_69.0_LD1,22M7_DB114,2022-07-28 0:00:00,2799,32.595409,-117.057789,
AS_SP26,LOAD,OTAYLK_6_LD1,OTAYLAKE_6_N001,22612_OTAYLAKE_69.0_LD1,22M7_DB114,2022-07-28 0:00:00,2799,32.595409,-117.057789,
AS_SP15,LOAD,MNTGRY_6_LD30,MONTGMRY_6_N001,22516_MONTGMRY_69.0_LD31,22M7_DB114,2022-07-28 0:00:00,2438,32.631748,-117.09953,
AS_SP26,LOAD,MNTGRY_6_LD30,MONTGMRY_6_N001,22516_MONTGMRY_69.0_LD31,22M7_DB114,2022-07-28 0:00:00,2438,32.631748,-117.09953,
AS_SP26,LOAD,MNTGRY_6_LD31,MONTGMRY_6_N002,22516_MONTGMRY_69.0_LD30,22M7_DB114,2022-07-28 0:00:00,2439,32.631726,-117.099715,
AS_SP15,LOAD,MNTGRY_6_LD31,MONTGMRY_6_N002,22516_MONTGMRY_69.0_LD30,22M7_DB114,2022-07-28 0:00:00,2439,32.631726,-117.099715,
AS_SP26,LOAD,TLGCYN_1_LD40,TELECYN_1_N014,22852_TELECYN _138_LD40,22M7_DB114,2022-07-28 0:00:00,4911,32.637823,-117.016284,
AS_SP15,LOAD,TLGCYN_1_LD40,TELECYN_1_N014,22852_TELECYN _138_LD40,22M7_DB114,2022-07-28 0:00:00,4911,32.637823,-117.016284,
AS_SP26,LOAD,TLGCYN_1_LD41,TELECYN_1_N001,22852_TELECYN _138_LD41,22M7_DB114,2022-07-28 0:00:00,4912,32.637845,-117.015979,
AS_SP15,LOAD,TLGCYN_1_LD41,TELECYN_1_N001,22852_TELECYN _138_LD41,22M7_DB114,2022-07-28 0:00:00,4912,32.637845,-117.015979,
AS_SP15,LOAD,TLGCYN_1_LD42,TELECYN_1_N006,22852_TELECYN _138_LD42,22M7_DB114,2022-07-28 0:00:00,4913,32.638103,-117.016141,
AS_SP26,LOAD,TLGCYN_1_LD42,TELECYN_1_N006,22852_TELECYN _138_LD42,22M7_DB114,2022-07-28 0:00:00,4913,32.638103,-117.016141,
AS_SP26,LOAD,PRCTVY_1_LD42,PRCTRVLY_1_N001,22672_PRCTRVLY_138_LD42,22M7_DB114,2022-07-28 0:00:00,3658,32.665025,-116.986744,
AS_SP15,LOAD,PRCTVY_1_LD42,PRCTRVLY_1_N001,22672_PRCTRVLY_138_LD42,22M7_DB114,2022-07-28 0:00:00,3658,32.665025,-116.986744,
AS_SP26,LOAD,SWTWTR_6_LD30,SWEETWTR_6_N017,22820_SWEETWTR_69.0_LD32,22M7_DB114,2022-07-28 0:00:00,4826,32.658407,-117.091526,
AS_SP15,LOAD,SWTWTR_6_LD30,SWEETWTR_6_N017,22820_SWEETWTR_69.0_LD32,22M7_DB114,2022-07-28 0:00:00,4826,32.658407,-117.091526,
AS_SP26,LOAD,SWTWTR_6_LD31,SWEETWTR_6_N018,22820_SWEETWTR_69.0_LD31,22M7_DB114,2022-07-28 0:00:00,4827,32.658345,-117.091836,
AS_SP15,LOAD,SWTWTR_6_LD31,SWEETWTR_6_N018,22820_SWEETWTR_69.0_LD31,22M7_DB114,2022-07-28 0:00:00,4827,32.658345,-117.091836,
AS_SP26,LOAD,NATCTY_6_LD20,NATNLCTY_6_N001,22548_NATNLCTY_69.0_LD20,22M7_DB114,2022-07-28 0:00:00,2579,32.673108,-117.107253,
AS_SP15,LOAD,NATCTY_6_LD20,NATNLCTY_6_N001,22548_NATNLCTY_69.0_LD20,22M7_DB114,2022-07-28 0:00:00,2579,32.673108,-117.107253,
AS_SP26,LOAD,NATCTY_6_LD21,NATNLCTY_6_N005,22548_NATNLCTY_69.0_LD21,22M7_DB114,2022-07-28 0:00:00,2580,32.673077,-117.107435,
AS_SP15,LOAD,NATCTY_6_LD21,NATNLCTY_6_N005,22548_NATNLCTY_69.0_LD21,22M7_DB114,2022-07-28 0:00:00,2580,32.673077,-117.107435,
AS_SP26,LOAD,NSMTG_6_LD-E,NAVSTMTR_6_N011,22556_NAVSTMTR_69.0_LDE,22M7_DB114,2022-07-28 0:00:00,2643,32.670408,-117.114853,
AS_SP15,LOAD,NSMTG_6_LD-E,NAVSTMTR_6_N011,22556_NAVSTMTR_69.0_LDE,22M7_DB114,2022-07-28 0:00:00,2643,32.670408,-117.114853,
AS_SP26,LOAD,NSMTG_6_LD-W,NAVSTMTR_6_N001,22556_NAVSTMTR_69.0_LDW,22M7_DB114,2022-07-28 0:00:00,2644,32.670422,-117.114581,
AS_SP15,LOAD,NSMTG_6_LD-W,NAVSTMTR_6_N001,22556_NAVSTMTR_69.0_LDW,22M7_DB114,2022-07-28 0:00:00,2644,32.670422,-117.114581,
AS_SP26,LOAD,DIVSON_6_LD30,DIVISION_6_N009,22172_DIVISION_69.0_LD30,22M7_DB114,2022-07-28 0:00:00,1011,32.681533,-117.120064,
AS_SP15,LOAD,DIVSON_6_LD30,DIVISION_6_N009,22172_DIVISION_69.0_LD30,22M7_DB114,2022-07-28 0:00:00,1011,32.681533,-117.120064,
AS_SP15,LOAD,DIVSON_6_LD31,DIVISION_6_N001,22172_DIVISION_69.0_LD31,22M7_DB114,2022-07-28 0:00:00,1012,32.68166,-117.120133,
AS_SP26,LOAD,DIVSON_6_LD31,DIVISION_6_N001,22172_DIVISION_69.0_LD31,22M7_DB114,2022-07-28 0:00:00,1012,32.68166,-117.120133,
AS_SP15,GEN,DIVSON_6_NSQF,NSCOGEN_7_B1,22552_NSCOGEN _12.5_GU1,22M7_DB114,2022-07-28 0:00:00,1013,32.681524,-117.120218,
AS_SP26,GEN,DIVSON_6_NSQF,NSCOGEN_7_B1,22552_NSCOGEN _12.5_GU1,22M7_DB114,2022-07-28 0:00:00,1013,32.681524,-117.120218,
AS_SP15,LOAD,PARDSE_6_LD31,PARADISX_6_N004,22636_PARADISX_69.0_LD31,22M7_DB114,2022-07-28 0:00:00,2859,32.704444,-117.049884,
AS_SP26,LOAD,PARDSE_6_LD31,PARADISX_6_N004,22636_PARADISX_69.0_LD31,22M7_DB114,2022-07-28 0:00:00,2859,32.704444,-117.049884,
AS_SP15,GEN,SAMPSN_6_KELCO1,SAMPSON_6_N010,22704_SAMPSON _12.5_GUKC,22M7_DB114,2022-07-28 0:00:00,3873,32.694468,-117.142444,
AS_SP26,GEN,SAMPSN_6_KELCO1,SAMPSON_6_N010,22704_SAMPSON _12.5_GUKC,22M7_DB114,2022-07-28 0:00:00,3873,32.694468,-117.142444,
AS_NP26,LOAD,CORONA_1_LD1,CORONA_1_N001,31254_CORONA _115_LD1,22M7_DB114,2022-07-28 0:00:00,799,32.69877,-117.173458,
AS_NP15,LOAD,CORONA_1_LD1,CORONA_1_N001,31254_CORONA _115_LD1,22M7_DB114,2022-07-28 0:00:00,799,32.69877,-117.173458,
AS_SP15,LOAD,CRNRDO_6_LD31,CORONADO_6_N001,22144_CORONADO_69.0_LD31,22M7_DB114,2022-07-28 0:00:00,855,32.698934,-117.173276,
AS_SP26,LOAD,CRNRDO_6_LD31,CORONADO_6_N001,22144_CORONADO_69.0_LD31,22M7_DB114,2022-07-28 0:00:00,855,32.698934,-117.173276,
AS_SP26,LOAD,CRNRDO_6_LD32,CORONADO_6_N002,22144_CORONADO_69.0_LD32,22M7_DB114,2022-07-28 0:00:00,856,32.698682,-117.17337,
AS_SP15,LOAD,CRNRDO_6_LD32,CORONADO_6_N002,22144_CORONADO_69.0_LD32,22M7_DB114,2022-07-28 0:00:00,856,32.698682,-117.17337,
AS_SP15,LOAD,NIMTG_6_LD-N,NOISLMTR_6_N004,22576_NOISLMTR_69.0_LDN,22M7_DB114,2022-07-28 0:00:00,2618,32.7025,-117.182161,
AS_SP26,LOAD,NIMTG_6_LD-N,NOISLMTR_6_N004,22576_NOISLMTR_69.0_LDN,22M7_DB114,2022-07-28 0:00:00,2618,32.7025,-117.182161,
AS_SP15,LOAD,NIMTG_6_LD-S,NOISLMTR_6_N009,22576_NOISLMTR_69.0_LDS,22M7_DB114,2022-07-28 0:00:00,2619,32.702364,-117.182081,
AS_SP26,LOAD,NIMTG_6_LD-S,NOISLMTR_6_N009,22576_NOISLMTR_69.0_LDS,22M7_DB114,2022-07-28 0:00:00,2619,32.702364,-117.182081,
AS_SP15,GEN,NIMTG_6_NICOGN,NOISLMTR_6_N015,22576_NOISLMTR_69.0_GUM1,22M7_DB114,2022-07-28 0:00:00,2620,32.702352,-117.182378,
AS_SP26,GEN,NIMTG_6_NICOGN,NOISLMTR_6_N015,22576_NOISLMTR_69.0_GUM1,22M7_DB114,2022-07-28 0:00:00,2620,32.702352,-117.182378,
AS_SP15,GEN,NIMTG_6_NIQF,NOISLMTR_6_N101,22576_NOISLMTR_69.0_GUQF,22M7_DB114,2022-07-28 0:00:00,2621,32.702489,-117.182422,
AS_SP26,GEN,NIMTG_6_NIQF,NOISLMTR_6_N101,22576_NOISLMTR_69.0_GUQF,22M7_DB114,2022-07-28 0:00:00,2621,32.702489,-117.182422,
AS_SP15,LOAD,STA B_6_LD30,B_6_N005,22024_B  _69.0_LD30,22M7_DB114,2022-07-28 0:00:00,4719,32.714371,-117.169423,
AS_SP26,LOAD,STA B_6_LD30,B_6_N005,22024_B  _69.0_LD30,22M7_DB114,2022-07-28 0:00:00,4719,32.714371,-117.169423,
AS_SP26,LOAD,STA B_6_LD31,B_6_N003,22024_B  _69.0_LD31,22M7_DB114,2022-07-28 0:00:00,4720,32.714128,-117.169389,
AS_SP15,LOAD,STA B_6_LD31,B_6_N003,22024_B  _69.0_LD31,22M7_DB114,2022-07-28 0:00:00,4720,32.714128,-117.169389,
AS_SP15,LOAD,STA B_6_LD32,B_6_N007,22024_B  _69.0_LD32,22M7_DB114,2022-07-28 0:00:00,4721,32.714373,-117.169644,
AS_SP26,LOAD,STA B_6_LD32,B_6_N007,22024_B  _69.0_LD32,22M7_DB114,2022-07-28 0:00:00,4721,32.714373,-117.169644,
AS_SP15,LOAD,STA B_6_LD33,B_6_N001,22024_B  _69.0_LD33,22M7_DB114,2022-07-28 0:00:00,4722,32.714371,-117.169423,
AS_SP26,LOAD,STA B_6_LD33,B_6_N001,22024_B  _69.0_LD33,22M7_DB114,2022-07-28 0:00:00,4722,32.714371,-117.169423,
AS_SP26,LOAD,URBAN_6_LD31,URBAN_6_N005,22868_URBAN  _69.0_LD31,22M7_DB114,2022-07-28 0:00:00,5012,32.713308,-117.151611,
AS_SP15,LOAD,URBAN_6_LD31,URBAN_6_N005,22868_URBAN  _69.0_LD31,22M7_DB114,2022-07-28 0:00:00,5012,32.713308,-117.151611,
AS_SP15,LOAD,URBAN_6_LD33,URBAN_6_N001,22868_URBAN  _69.0_LD33,22M7_DB114,2022-07-28 0:00:00,5014,32.713308,-117.151331,
AS_SP26,LOAD,URBAN_6_LD33,URBAN_6_N001,22868_URBAN  _69.0_LD33,22M7_DB114,2022-07-28 0:00:00,5014,32.713308,-117.151331,
AS_SP26,LOAD,KETTNR_6_LD31,KETTNER_6_N001,22380_KETTNER _69.0_LD31,22M7_DB114,2022-07-28 0:00:00,1934,32.733236,-117.173864,
AS_SP15,LOAD,KETTNR_6_LD31,KETTNER_6_N001,22380_KETTNER _69.0_LD31,22M7_DB114,2022-07-28 0:00:00,1934,32.733236,-117.173864,
AS_SP26,LOAD,CBRLLO_6_LD30,CABRILLO_6_N001,22092_CABRILLO_69.0_LD30,22M7_DB114,2022-07-28 0:00:00,574,32.707366,-117.244947,
AS_SP15,LOAD,CBRLLO_6_LD30,CABRILLO_6_N001,22092_CABRILLO_69.0_LD30,22M7_DB114,2022-07-28 0:00:00,574,32.707366,-117.244947,
AS_SP15,LOAD,CBRLLO_6_LD31,CABRILLO_6_N004,22092_CABRILLO_69.0_LD31,22M7_DB114,2022-07-28 0:00:00,575,32.707403,-117.245219,
AS_SP26,LOAD,CBRLLO_6_LD31,CABRILLO_6_N004,22092_CABRILLO_69.0_LD31,22M7_DB114,2022-07-28 0:00:00,575,32.707403,-117.245219,
AS_SP15,GEN,CBRLLO_6_PLSTP1,CABRILLO_6_N011,22092_CABRILLO_69.0_GUM1,22M7_DB114,2022-07-28 0:00:00,576,32.707502,-117.245154,
AS_SP26,GEN,CBRLLO_6_PLSTP1,CABRILLO_6_N011,22092_CABRILLO_69.0_GUM1,22M7_DB114,2022-07-28 0:00:00,576,32.707502,-117.245154,
AS_NP26,LOAD,CABRIL_1_LD1,CABRILLO_1_N001,36294_CABRILLO_115_LD1,22M7_DB114,2022-07-28 0:00:00,462,32.707502,-117.244949,
AS_SP15,LOAD,CABRIL_1_LD1,CABRILLO_1_N001,36294_CABRILLO_115_LD1,22M7_DB114,2022-07-28 0:00:00,462,32.707502,-117.244949,
AS_SP15,GEN,PTLOMA_6_NTCCGN,POINTLMA_6_N021,22660_POINTLMA_69.0_GUM1,22M7_DB114,2022-07-28 0:00:00,3686,32.741591,-117.233583,
AS_SP26,GEN,PTLOMA_6_NTCCGN,POINTLMA_6_N021,22660_POINTLMA_69.0_GUM1,22M7_DB114,2022-07-28 0:00:00,3686,32.741591,-117.233583,
AS_SP15,GEN,PTLOMA_6_NTCQF,POINTLMA_6_N001,22660_POINTLMA_69.0_GUQF,22M7_DB114,2022-07-28 0:00:00,3687,32.741645,-117.233322,
AS_SP26,GEN,PTLOMA_6_NTCQF,POINTLMA_6_N001,22660_POINTLMA_69.0_GUQF,22M7_DB114,2022-07-28 0:00:00,3687,32.741645,-117.233322,
AS_SP26,LOAD,PTLOMA_6_LD30,POINTLMA_6_N013,22660_POINTLMA_69.0_LD32,22M7_DB114,2022-07-28 0:00:00,3683,32.741447,-117.233264,
AS_SP15,LOAD,PTLOMA_6_LD30,POINTLMA_6_N013,22660_POINTLMA_69.0_LD32,22M7_DB114,2022-07-28 0:00:00,3683,32.741447,-117.233264,
AS_SP26,LOAD,PTLOMA_6_LD31,POINTLMA_6_N014,22660_POINTLMA_69.0_LD31,22M7_DB114,2022-07-28 0:00:00,3684,32.741431,-117.233499,
AS_SP15,LOAD,PTLOMA_6_LD31,POINTLMA_6_N014,22660_POINTLMA_69.0_LD31,22M7_DB114,2022-07-28 0:00:00,3684,32.741431,-117.233499,
AS_SP15,LOAD,PACBCH_6_LD30,PACFCBCH_6_N001,22620_PACFCBCH_69.0_LD30,22M7_DB114,2022-07-28 0:00:00,2817,32.799242,-117.240199,
AS_SP26,LOAD,PACBCH_6_LD30,PACFCBCH_6_N001,22620_PACFCBCH_69.0_LD30,22M7_DB114,2022-07-28 0:00:00,2817,32.799242,-117.240199,
AS_SP26,LOAD,PACBCH_6_LD31,PACFCBCH_6_N004,22620_PACFCBCH_69.0_LD31,22M7_DB114,2022-07-28 0:00:00,2818,32.799203,-117.24035,
AS_SP15,LOAD,PACBCH_6_LD31,PACFCBCH_6_N004,22620_PACFCBCH_69.0_LD31,22M7_DB114,2022-07-28 0:00:00,2818,32.799203,-117.24035,
AS_SP15,LOAD,OLDTWN_6_LD31,OLDTOWN_6_N001,22592_OLD TOWN_69.0_LD31,22M7_DB114,2022-07-28 0:00:00,2730,32.766227,-117.192417,
AS_SP26,LOAD,OLDTWN_6_LD31,OLDTOWN_6_N001,22592_OLD TOWN_69.0_LD31,22M7_DB114,2022-07-28 0:00:00,2730,32.766227,-117.192417,
AS_SP26,LOAD,SPNGVY_6_LD30,SPRNGVLY_6_N001,22796_SPRNGVLY_69.0_LD30,22M7_DB114,2022-07-28 0:00:00,4701,32.739049,-117.00266,
AS_SP15,LOAD,SPNGVY_6_LD30,SPRNGVLY_6_N001,22796_SPRNGVLY_69.0_LD30,22M7_DB114,2022-07-28 0:00:00,4701,32.739049,-117.00266,
AS_SP15,LOAD,SPNGVY_6_LD31,SPRNGVLY_6_N010,22796_SPRNGVLY_69.0_LD31,22M7_DB114,2022-07-28 0:00:00,4702,32.739041,-117.002856,
AS_SP26,LOAD,SPNGVY_6_LD31,SPRNGVLY_6_N010,22796_SPRNGVLY_69.0_LD31,22M7_DB114,2022-07-28 0:00:00,4702,32.739041,-117.002856,
AS_SP26,LOAD,JMACHA_6_LD30,JAMACHA_6_N015,22364_JAMACHA _69.0_LD30,22M7_DB114,2022-07-28 0:00:00,1867,32.744049,-116.95742,
AS_SP15,LOAD,JMACHA_6_LD30,JAMACHA_6_N015,22364_JAMACHA _69.0_LD30,22M7_DB114,2022-07-28 0:00:00,1867,32.744049,-116.95742,
AS_SP26,LOAD,JMACHA_6_LD31,JAMACHA_6_N006,22364_JAMACHA _69.0_LD30,22M7_DB114,2022-07-28 0:00:00,1868,32.744039,-116.95708,
AS_SP26,LOAD,JMACHA_6_LD31,JAMACHA_6_N006,22364_JAMACHA _69.0_LD31,22M7_DB114,2022-07-28 0:00:00,1868,32.744039,-116.95708,
AS_SP26,LOAD,JMACHA_6_LD32,JAMACHA_6_N001,22364_JAMACHA _69.0_LD32,22M7_DB114,2022-07-28 0:00:00,1869,32.744259,-116.9573,
AS_SP15,LOAD,JMACHA_6_LD32,JAMACHA_6_N001,22364_JAMACHA _69.0_LD32,22M7_DB114,2022-07-28 0:00:00,1869,32.744259,-116.9573,
AS_SP26,LOAD,CHOLLS_6_LD31,CHOLLAS_6_N001,22132_CHOLLAS _69.0_LD30,22M7_DB114,2022-07-28 0:00:00,659,32.74388,-117.046828,
AS_SP15,LOAD,CHOLLS_6_LD31,CHOLLAS_6_N001,22132_CHOLLAS _69.0_LD30,22M7_DB114,2022-07-28 0:00:00,659,32.74388,-117.046828,
AS_SP15,LOAD,CHOLLS_6_LD32,CHOLLAS_6_N009,22132_CHOLLAS _69.0_LD32,22M7_DB114,2022-07-28 0:00:00,660,32.743722,-117.046944,
AS_SP26,LOAD,CHOLLS_6_LD32,CHOLLAS_6_N009,22132_CHOLLAS _69.0_LD32,22M7_DB114,2022-07-28 0:00:00,660,32.743722,-117.046944,
AS_SP15,LOAD,CHOLLS_6_LD33,CHOLLAS_6_N008,22132_CHOLLAS _69.0_LD20,22M7_DB114,2022-07-28 0:00:00,661,32.74369,-117.046676,
AS_SP26,LOAD,CHOLLS_6_LD33,CHOLLAS_6_N008,22132_CHOLLAS _69.0_LD20,22M7_DB114,2022-07-28 0:00:00,661,32.74369,-117.046676,
AS_SP26,LOAD,STRMVW_6_LD30,STREAMVW_6_N001,22800_STREAMVW_69.0_LD30,22M7_DB114,2022-07-28 0:00:00,4778,32.745635,-117.078586,
AS_SP15,LOAD,STRMVW_6_LD30,STREAMVW_6_N001,22800_STREAMVW_69.0_LD30,22M7_DB114,2022-07-28 0:00:00,4778,32.745635,-117.078586,
AS_SP15,LOAD,STRMVW_6_LD31,STREAMVW_6_N007,22800_STREAMVW_69.0_LD31,22M7_DB114,2022-07-28 0:00:00,4779,32.745617,-117.078773,
AS_SP26,LOAD,STRMVW_6_LD31,STREAMVW_6_N007,22800_STREAMVW_69.0_LD31,22M7_DB114,2022-07-28 0:00:00,4779,32.745617,-117.078773,
AS_SP15,LOAD,STA F_6_LD30,F_6_N005,22276_F  _69.0_LD30,22M7_DB114,2022-07-28 0:00:00,4723,32.754844,-117.126147,
AS_SP26,LOAD,STA F_6_LD30,F_6_N005,22276_F  _69.0_LD30,22M7_DB114,2022-07-28 0:00:00,4723,32.754844,-117.126147,
AS_SP15,LOAD,STA F_6_LD31,F_6_N002,22276_F  _69.0_LD31,22M7_DB114,2022-07-28 0:00:00,4724,32.754857,-117.125858,
AS_SP26,LOAD,STA F_6_LD31,F_6_N002,22276_F  _69.0_LD31,22M7_DB114,2022-07-28 0:00:00,4724,32.754857,-117.125858,
AS_SP26,LOAD,STA F_6_LD32,F_6_N001,22276_F  _69.0_LD32,22M7_DB114,2022-07-28 0:00:00,4725,32.754938,-117.1260094,
AS_SP15,LOAD,STA F_6_LD32,F_6_N001,22276_F  _69.0_LD32,22M7_DB114,2022-07-28 0:00:00,4725,32.754938,-117.1260094,
AS_SP26,LOAD,FRIARS_1_LD41,FRIARS_1_N001,22300_FRIARS _138_LD41,22M7_DB114,2022-07-28 0:00:00,1392,32.77902766,-117.1565874,
AS_SP15,LOAD,FRIARS_1_LD41,FRIARS_1_N001,22300_FRIARS _138_LD41,22M7_DB114,2022-07-28 0:00:00,1392,32.77902766,-117.1565874,
AS_SP26,LOAD,FRIARS_1_LD42,FRIARS_1_N009,22300_FRIARS _138_LD40,22M7_DB114,2022-07-28 0:00:00,1393,32.7790565,-117.1570895,
AS_SP15,LOAD,FRIARS_1_LD42,FRIARS_1_N009,22300_FRIARS _138_LD40,22M7_DB114,2022-07-28 0:00:00,1393,32.7790565,-117.1570895,
AS_NP15,GEN,MISSIX_1_QF,MISSON_1_N015,33201_MISSIX _12.0_GUQF,22M7_DB114,2022-07-28 0:00:00,2405,32.78435969,-117.137503,
AS_NP26,GEN,MISSIX_1_QF,MISSON_1_N015,33201_MISSIX _12.0_GUQF,22M7_DB114,2022-07-28 0:00:00,2405,32.78435969,-117.137503,
AS_SP26,LOAD,MSSION_6_LD30,MISSION_6_N049,22496_MISSION _69.0_LD30,22M7_DB114,2022-07-28 0:00:00,2540,32.78418655,-117.1377148,
AS_SP15,LOAD,MSSION_6_LD30,MISSION_6_N049,22496_MISSION _69.0_LD30,22M7_DB114,2022-07-28 0:00:00,2540,32.78418655,-117.1377148,
AS_SP15,LOAD,MSSION_6_LD31,MISSION_6_N031,22496_MISSION _69.0_LD31,22M7_DB114,2022-07-28 0:00:00,2541,32.78414523,-117.13761,
AS_SP26,LOAD,MSSION_6_LD31,MISSION_6_N031,22496_MISSION _69.0_LD31,22M7_DB114,2022-07-28 0:00:00,2541,32.78414523,-117.13761,
AS_SP15,LOAD,MSSION_6_LD32,MISSION_6_N001,22496_MISSION _69.0_LD32,22M7_DB114,2022-07-28 0:00:00,2542,32.78404045,-117.1373315,
AS_SP26,LOAD,MSSION_6_LD32,MISSION_6_N001,22496_MISSION _69.0_LD32,22M7_DB114,2022-07-28 0:00:00,2542,32.78404045,-117.1373315,
AS_SP26,LOAD,MSSION_6_LD33,MISSION_6_N040,22496_MISSION _69.0_LD33,22M7_DB114,2022-07-28 0:00:00,2543,32.78433806,-117.1372528,
AS_SP15,LOAD,MSSION_6_LD33,MISSION_6_N040,22496_MISSION _69.0_LD33,22M7_DB114,2022-07-28 0:00:00,2543,32.78433806,-117.1372528,
AS_SP15,LOAD,LJOLLA_6_LD30,LAJOLLA_6_N007,22392_LA JOLLA_69.0_LD30,22M7_DB114,2022-07-28 0:00:00,2144,32.84016059,-117.2754012,
AS_SP26,LOAD,LJOLLA_6_LD30,LAJOLLA_6_N007,22392_LA JOLLA_69.0_LD30,22M7_DB114,2022-07-28 0:00:00,2144,32.84016059,-117.2754012,
AS_SP15,LOAD,LJOLLA_6_LD31,LAJOLLA_6_N001,22392_LA JOLLA_69.0_LD31,22M7_DB114,2022-07-28 0:00:00,2145,32.84013291,-117.2752118,
AS_SP26,LOAD,LJOLLA_6_LD31,LAJOLLA_6_N001,22392_LA JOLLA_69.0_LD31,22M7_DB114,2022-07-28 0:00:00,2145,32.84013291,-117.2752118,
AS_SP15,LOAD,RSECYN_6_LD31,ROSECYN_6_N001,22696_ROSE CYN_69.0_LD30,22M7_DB114,2022-07-28 0:00:00,3826,32.84472138,-117.2370599,
AS_SP26,LOAD,RSECYN_6_LD31,ROSECYN_6_N001,22696_ROSE CYN_69.0_LD30,22M7_DB114,2022-07-28 0:00:00,3826,32.84472138,-117.2370599,
AS_SP26,LOAD,RSECYN_6_LD32,ROSECYN_6_N017,22696_ROSE CYN_69.0_LD32,22M7_DB114,2022-07-28 0:00:00,3827,32.84448219,-117.2369216,
AS_SP15,LOAD,RSECYN_6_LD32,ROSECYN_6_N017,22696_ROSE CYN_69.0_LD32,22M7_DB114,2022-07-28 0:00:00,3827,32.84448219,-117.2369216,
AS_NP26,LOAD,ROSE_6_LD-ROSE,ROSE_6_N001,34940_ROSE _70.0_LD1,22M7_DB114,2022-07-28 0:00:00,3819,32.84446499,-117.2373205,
AS_SP15,LOAD,ROSE_6_LD-ROSE,ROSE_6_N001,34940_ROSE _70.0_LD1,22M7_DB114,2022-07-28 0:00:00,3819,32.84446499,-117.2373205,
AS_NP26,LOAD,CLRMTK_1_LD2,CLARMNT_1_N001,32780_CLARMNT _115_LD2,22M7_DB114,2022-07-28 0:00:00,697,32.8258041,-117.1840714,
AS_NP15,LOAD,CLRMTK_1_LD2,CLARMNT_1_N001,32780_CLARMNT _115_LD2,22M7_DB114,2022-07-28 0:00:00,697,32.8258041,-117.1840714,
AS_NP15,GEN,CLRMTK_1_QF,CLARMNT_1_N028,32780_CLARMNT _115_GUM1,22M7_DB114,2022-07-28 0:00:00,698,32.82594682,-117.1841199,
AS_NP26,GEN,CLRMTK_1_QF,CLARMNT_1_N028,32780_CLARMNT _115_GUM1,22M7_DB114,2022-07-28 0:00:00,698,32.82594682,-117.1841199,
AS_SP15,LOAD,CLRMNT_6_LD30,CLAIRMNT_6_N008,22136_CLAIRMNT_69.0_LD30,22M7_DB114,2022-07-28 0:00:00,695,32.82596287,-117.1838264,
AS_SP26,LOAD,CLRMNT_6_LD30,CLAIRMNT_6_N008,22136_CLAIRMNT_69.0_LD30,22M7_DB114,2022-07-28 0:00:00,695,32.82596287,-117.1838264,
AS_SP26,LOAD,CLRMNT_6_LD31,CLAIRMNT_6_N001,22136_CLAIRMNT_69.0_LD31,22M7_DB114,2022-07-28 0:00:00,696,32.82598542,-117.1838936,
AS_SP15,LOAD,CLRMNT_6_LD31,CLAIRMNT_6_N001,22136_CLAIRMNT_69.0_LD31,22M7_DB114,2022-07-28 0:00:00,696,32.82598542,-117.1838936,
AS_SP26,LOAD,MSHGTS_6_LD31,MESAHGTS_6_N007,22448_MESAHGTS_69.0_LD31,22M7_DB114,2022-07-28 0:00:00,2524,32.82945648,-117.1571298,
AS_SP15,LOAD,MSHGTS_6_LD31,MESAHGTS_6_N007,22448_MESAHGTS_69.0_LD31,22M7_DB114,2022-07-28 0:00:00,2524,32.82945648,-117.1571298,
AS_SP26,LOAD,MSHGTS_6_LD32,MESAHGTS_6_N001,22448_MESAHGTS_69.0_LD32,22M7_DB114,2022-07-28 0:00:00,2525,32.82973419,-117.1572994,
AS_SP15,LOAD,MSHGTS_6_LD32,MESAHGTS_6_N001,22448_MESAHGTS_69.0_LD32,22M7_DB114,2022-07-28 0:00:00,2525,32.82973419,-117.1572994,
AS_SP15,GEN,MSHGTS_6_MMARLF,MESAHGTS_6_N011,22448_MESAHGTS_69.0_GUM1,22M7_DB114,2022-07-28 0:00:00,2527,32.82946573,-117.1573847,
AS_SP26,GEN,MSHGTS_6_MMARLF,MESAHGTS_6_N011,22448_MESAHGTS_69.0_GUM1,22M7_DB114,2022-07-28 0:00:00,2527,32.82946573,-117.1573847,
AS_SP26,LOAD,KYCORA_6_LD30,KYOCERA_6_N001,22384_KYOCERA _69.0_LD30,22M7_DB114,2022-07-28 0:00:00,1984,32.81979613,-117.1403579,
AS_SP15,LOAD,KYCORA_6_LD30,KYOCERA_6_N001,22384_KYOCERA _69.0_LD30,22M7_DB114,2022-07-28 0:00:00,1984,32.81979613,-117.1403579,
AS_SP26,LOAD,KEARNY_7_LD1,KEARNEY_7_N001,22377_KEARNEY _12.5_LD1,22M7_DB114,2022-07-28 0:00:00,1901,32.8330923,-117.134238,
AS_SP15,LOAD,KEARNY_7_LD1,KEARNEY_7_N001,22377_KEARNEY _12.5_LD1,22M7_DB114,2022-07-28 0:00:00,1901,32.8330923,-117.134238,
AS_SP26,LOAD,KEARNY_7_LD2,KEARNEY_7_N003,22377_KEARNEY _12.5_LD2,22M7_DB114,2022-07-28 0:00:00,1902,32.83307827,-117.1337435,
AS_SP15,LOAD,KEARNY_7_LD2,KEARNEY_7_N003,22377_KEARNEY _12.5_LD2,22M7_DB114,2022-07-28 0:00:00,1902,32.83307827,-117.1337435,
AS_SP15,LOAD,ELLIOT_6_LD31,ELLIOTT_6_N004,22216_ELLIOTT _69.0_LD31,22M7_DB114,2022-07-28 0:00:00,1229,32.81585711,-117.0887154,
AS_SP26,LOAD,ELLIOT_6_LD31,ELLIOTT_6_N004,22216_ELLIOTT _69.0_LD31,22M7_DB114,2022-07-28 0:00:00,1229,32.81585711,-117.0887154,
AS_SP26,LOAD,ELLIOT_6_LD32,ELLIOTT_6_N001,22216_ELLIOTT _69.0_LD32,22M7_DB114,2022-07-28 0:00:00,1230,32.8159007,-117.0882917,
AS_SP15,LOAD,ELLIOT_6_LD32,ELLIOTT_6_N001,22216_ELLIOTT _69.0_LD32,22M7_DB114,2022-07-28 0:00:00,1230,32.8159007,-117.0882917,
AS_SP26,LOAD,MURRAY_6_LD30,MURRAY_6_N015,22531_MURRAYGN_12.5_LD30,22M7_DB114,2022-07-28 0:00:00,2562,32.79097003,-117.0233255,
AS_SP15,LOAD,MURRAY_6_LD30,MURRAY_6_N015,22531_MURRAYGN_12.5_LD30,22M7_DB114,2022-07-28 0:00:00,2562,32.79097003,-117.0233255,
AS_SP15,LOAD,MURRAY_6_LD31,MURRAY_6_N001,22531_MURRAYGN_12.5_LD31,22M7_DB114,2022-07-28 0:00:00,2563,32.79093801,-117.022863,
AS_SP26,LOAD,MURRAY_6_LD31,MURRAY_6_N001,22531_MURRAYGN_12.5_LD31,22M7_DB114,2022-07-28 0:00:00,2563,32.79093801,-117.022863,
AS_SP15,LOAD,MURRAY_6_LD32,MURRAY_6_N005,22531_MURRAYGN_12.5_LD32,22M7_DB114,2022-07-28 0:00:00,2564,32.79065871,-117.0233438,
AS_SP26,LOAD,MURRAY_6_LD32,MURRAY_6_N005,22531_MURRAYGN_12.5_LD32,22M7_DB114,2022-07-28 0:00:00,2564,32.79065871,-117.0233438,
AS_SP15,LOAD,MURRAY_6_LD33,MURRAY_6_N004,22531_MURRAYGN_12.5_LD33,22M7_DB114,2022-07-28 0:00:00,2565,32.79064288,-117.022836,
AS_SP26,LOAD,MURRAY_6_LD33,MURRAY_6_N004,22531_MURRAYGN_12.5_LD33,22M7_DB114,2022-07-28 0:00:00,2565,32.79064288,-117.022836,
AS_SP26,LOAD,GARFLD_6_LD30,GARFIELD_6_N001,22306_GARFIELD_69.0_LD1,22M7_DB114,2022-07-28 0:00:00,1438,32.79529519,-116.9968197,
AS_SP15,LOAD,GARFLD_6_LD30,GARFIELD_6_N001,22306_GARFIELD_69.0_LD1,22M7_DB114,2022-07-28 0:00:00,1438,32.79529519,-116.9968197,
AS_SP15,GEN,ELCAJN_6_UNITA1,CPELCAJN_7_B1,22150_CPELCAJN_13.8_GU1,22M7_DB114,2022-07-28 0:00:00,1189,32.79556891,-116.9723925,
AS_SP26,GEN,ELCAJN_6_UNITA1,CPELCAJN_7_B1,22150_CPELCAJN_13.8_GU1,22M7_DB114,2022-07-28 0:00:00,1189,32.79556891,-116.9723925,
AS_SP15,LOAD,ELCAJN_7_LD1,ELCAJNGT_7_N001,22212_ELCAJNGT_12.5_LD30,22M7_DB114,2022-07-28 0:00:00,1192,32.79559262,-116.972107,
AS_SP26,LOAD,ELCAJN_7_LD1,ELCAJNGT_7_N001,22212_ELCAJNGT_12.5_LD30,22M7_DB114,2022-07-28 0:00:00,1192,32.79559262,-116.972107,
AS_SP26,LOAD,ELCAJN_7_LD2,ELCAJNGT_7_N004,22212_ELCAJNGT_12.5_LD32,22M7_DB114,2022-07-28 0:00:00,1193,32.79527039,-116.9727367,
AS_SP15,LOAD,ELCAJN_7_LD2,ELCAJNGT_7_N004,22212_ELCAJNGT_12.5_LD32,22M7_DB114,2022-07-28 0:00:00,1193,32.79527039,-116.9727367,
AS_SP26,GEN,ELCAJN_6_LM6K,ELCAJNEG_7_GN001,22434_ELCAJNEG_13.8_GU1,22M7_DB114,2022-07-28 0:00:00,1187,32.79709155,-116.9716033,
AS_SP15,GEN,ELCAJN_6_LM6K,ELCAJNEG_7_GN001,22434_ELCAJNEG_13.8_GU1,22M7_DB114,2022-07-28 0:00:00,1187,32.79709155,-116.9716033,
AS_SP26,LOAD,GRNTHL_1_LD41,GRNTHLL_1_N001,22865_GRNT HLL_138_LD1,22M7_DB114,2022-07-28 0:00:00,1577,32.804527,-116.921093,
AS_SP15,LOAD,GRNTHL_1_LD41,GRNTHLL_1_N001,22865_GRNT HLL_138_LD1,22M7_DB114,2022-07-28 0:00:00,1577,32.804527,-116.921093,
AS_SP15,LOAD,GRNITE_6_LD30,GRANITE_6_N007,22336_GRANITE _69.0_LD30,22M7_DB114,2022-07-28 0:00:00,1567,32.80449369,-116.9208552,
AS_SP26,LOAD,GRNITE_6_LD30,GRANITE_6_N007,22336_GRANITE _69.0_LD30,22M7_DB114,2022-07-28 0:00:00,1567,32.80449369,-116.9208552,
AS_SP15,LOAD,GRNITE_6_LD31,GRANITE_6_N008,22336_GRANITE _69.0_LD31,22M7_DB114,2022-07-28 0:00:00,1568,32.80433537,-116.9211823,
AS_SP26,LOAD,GRNITE_6_LD31,GRANITE_6_N008,22336_GRANITE _69.0_LD31,22M7_DB114,2022-07-28 0:00:00,1568,32.80433537,-116.9211823,
AS_SP15,LOAD,GRNITE_6_LD32,GRANITE_6_N009,22336_GRANITE _69.0_LD32,22M7_DB114,2022-07-28 0:00:00,1569,32.80431246,-116.920932,
AS_SP26,LOAD,GRNITE_6_LD32,GRANITE_6_N009,22336_GRANITE _69.0_LD32,22M7_DB114,2022-07-28 0:00:00,1569,32.80431246,-116.920932,
AS_SP26,LOAD,GRNITE_6_LD32,GRANITE_6_N009,22336_GRANITE _12.47_LD32,22M7_DB114,2022-07-28 0:00:00,1569,32.80436668,-116.9206282,
AS_SP15,LOAD,GRNITE_6_LD32,GRANITE_6_N009,22336_GRANITE _12.47_LD32,22M7_DB114,2022-07-28 0:00:00,1569,32.80436668,-116.9206282,
AS_SP15,LOAD,GRNITE_6_LD33,GRANITE_6_N001,22336_GRANITE _69.0_LD33,22M7_DB114,2022-07-28 0:00:00,1570,32.80421166,-116.9206326,
AS_SP26,LOAD,GRNITE_6_LD33,GRANITE_6_N001,22336_GRANITE _69.0_LD33,22M7_DB114,2022-07-28 0:00:00,1570,32.80421166,-116.9206326,
AS_SP26,LOAD,LVLAND_6_LD30,LOVELAND_6_N001,22416_LOVELAND_69.0_LD1,22M7_DB114,2022-07-28 0:00:00,2227,32.79704299,-116.7921812,
AS_SP15,LOAD,LVLAND_6_LD30,LOVELAND_6_N001,22416_LOVELAND_69.0_LD1,22M7_DB114,2022-07-28 0:00:00,2227,32.79704299,-116.7921812,
AS_SP26,LOAD,ALPINE_6_LD30,ALPINE_6_N005,22004_ALPINE _69.0_LD30,22M7_DB114,2022-07-28 0:00:00,64,32.82775303,-116.7901154,
AS_SP15,LOAD,ALPINE_6_LD30,ALPINE_6_N005,22004_ALPINE _69.0_LD30,22M7_DB114,2022-07-28 0:00:00,64,32.82775303,-116.7901154,
AS_SP26,LOAD,ALPINE_6_LD32,ALPINE_6_N001,22004_ALPINE _69.0_LD32,22M7_DB114,2022-07-28 0:00:00,65,32.82779814,-116.789691,
AS_SP15,LOAD,ALPINE_6_LD32,ALPINE_6_N001,22004_ALPINE _69.0_LD32,22M7_DB114,2022-07-28 0:00:00,65,32.82779814,-116.789691,
AS_SP15,GEN,CHILLS_1_SYCLFL,CARLTNHS_1_N012,22120_CARLTNHS_138_GUM1,22M7_DB114,2022-07-28 0:00:00,641,32.85510461,-117.0121821,
AS_SP26,GEN,CHILLS_1_SYCLFL,CARLTNHS_1_N012,22120_CARLTNHS_138_GUM1,22M7_DB114,2022-07-28 0:00:00,641,32.85510461,-117.0121821,
AS_SP26,GEN,CHILLS_7_UNITA1,CARLTNHS_1_N011,22120_CARLTNHS_138_GUM2,22M7_DB114,2022-07-28 0:00:00,642,32.85511818,-117.0117526,
AS_SP15,GEN,CHILLS_7_UNITA1,CARLTNHS_1_N011,22120_CARLTNHS_138_GUM2,22M7_DB114,2022-07-28 0:00:00,642,32.85511818,-117.0117526,
AS_SP15,LOAD,CHILLS_1_LD41,CARLTNHS_1_N004,22120_CARLTNHS_138_LD41,22M7_DB114,2022-07-28 0:00:00,638,32.85476522,-117.0122039,
AS_SP26,LOAD,CHILLS_1_LD41,CARLTNHS_1_N004,22120_CARLTNHS_138_LD41,22M7_DB114,2022-07-28 0:00:00,638,32.85476522,-117.0122039,
AS_SP26,LOAD,CHILLS_1_LD43,CARLTNHS_1_N001,22120_CARLTNHS_138_LD43,22M7_DB114,2022-07-28 0:00:00,639,32.85475841,-117.0117773,
AS_SP15,LOAD,CHILLS_1_LD43,CARLTNHS_1_N001,22120_CARLTNHS_138_LD43,22M7_DB114,2022-07-28 0:00:00,639,32.85475841,-117.0117773,
AS_SP15,LOAD,SANTEE_1_LD40,SANTEE_1_N001,22734_SANTEE _138_LD40,22M7_DB114,2022-07-28 0:00:00,3936,32.85465824,-116.9684018,
AS_SP26,LOAD,SANTEE_1_LD40,SANTEE_1_N001,22734_SANTEE _138_LD40,22M7_DB114,2022-07-28 0:00:00,3936,32.85465824,-116.9684018,
AS_SP15,LOAD,SANTEE_1_LD41,SANTEE_1_N003,22734_SANTEE _138_LD41,22M7_DB114,2022-07-28 0:00:00,3937,32.85438702,-116.9686258,
AS_SP26,LOAD,SANTEE_1_LD41,SANTEE_1_N003,22734_SANTEE _138_LD41,22M7_DB114,2022-07-28 0:00:00,3937,32.85438702,-116.9686258,
AS_SP15,LOAD,SANTEE_1_LD43,SANTEE_1_N004,22734_SANTEE _138_LD43,22M7_DB114,2022-07-28 0:00:00,3938,32.85436745,-116.9681577,
AS_SP26,LOAD,SANTEE_1_LD43,SANTEE_1_N004,22734_SANTEE _138_LD43,22M7_DB114,2022-07-28 0:00:00,3938,32.85436745,-116.9681577,
AS_SP15,LOAD,TORYPN_6_LD30,TOREYPNS_6_N008,22856_TOREYPNS_69.0_LD30,22M7_DB114,2022-07-28 0:00:00,4928,32.89881529,-117.2401838,
AS_SP26,LOAD,TORYPN_6_LD30,TOREYPNS_6_N008,22856_TOREYPNS_69.0_LD30,22M7_DB114,2022-07-28 0:00:00,4928,32.89881529,-117.2401838,
AS_SP26,LOAD,TORYPN_6_LD31,TOREYPNS_6_N007,22856_TOREYPNS_69.0_LD31,22M7_DB114,2022-07-28 0:00:00,4929,32.89884223,-117.2398285,
AS_SP15,LOAD,TORYPN_6_LD31,TOREYPNS_6_N007,22856_TOREYPNS_69.0_LD31,22M7_DB114,2022-07-28 0:00:00,4929,32.89884223,-117.2398285,
AS_SP15,LOAD,TORYPN_6_LD32,TOREYPNS_6_N009,22856_TOREYPNS_69.0_LD32,22M7_DB114,2022-07-28 0:00:00,4930,32.89853011,-117.2402412,
AS_SP26,LOAD,TORYPN_6_LD32,TOREYPNS_6_N009,22856_TOREYPNS_69.0_LD32,22M7_DB114,2022-07-28 0:00:00,4930,32.89853011,-117.2402412,
AS_SP15,LOAD,TORYPN_6_LD33,TOREYPNS_6_N001,22856_TOREYPNS_69.0_LD33,22M7_DB114,2022-07-28 0:00:00,4931,32.89860207,-117.2398137,
AS_SP26,LOAD,TORYPN_6_LD33,TOREYPNS_6_N001,22856_TOREYPNS_69.0_LD33,22M7_DB114,2022-07-28 0:00:00,4931,32.89860207,-117.2398137,
AS_SP26,LOAD,DUNHIL_6_LD1,DUNHILL_6_N001,22196_DUNHILL _69.0_LD1,22M7_DB114,2022-07-28 0:00:00,1111,32.9015157,-117.2300009,
AS_SP15,LOAD,DUNHIL_6_LD1,DUNHILL_6_N001,22196_DUNHILL _69.0_LD1,22M7_DB114,2022-07-28 0:00:00,1111,32.9015157,-117.2300009,
AS_SP26,LOAD,UCMTG_6_LD30,UCM_6_N002,22864_UCM  _69.0_LD30,22M7_DB114,2022-07-28 0:00:00,4989,32.88373691,-117.2225007,
AS_SP15,LOAD,UCMTG_6_LD30,UCM_6_N002,22864_UCM  _69.0_LD30,22M7_DB114,2022-07-28 0:00:00,4989,32.88373691,-117.2225007,
AS_SP15,LOAD,UCMTG_6_LD31,UCM_6_N006,22864_UCM  _69.0_LD31,22M7_DB114,2022-07-28 0:00:00,4990,32.88347002,-117.2227024,
AS_SP26,LOAD,UCMTG_6_LD31,UCM_6_N006,22864_UCM  _69.0_LD31,22M7_DB114,2022-07-28 0:00:00,4990,32.88347002,-117.2227024,
AS_SP26,LOAD,UCMTG_6_LD32,UCM_6_N001,22864_UCM  _69.0_LD32,22M7_DB114,2022-07-28 0:00:00,4991,32.88344178,-117.2223885,
AS_SP15,LOAD,UCMTG_6_LD32,UCM_6_N001,22864_UCM  _69.0_LD32,22M7_DB114,2022-07-28 0:00:00,4991,32.88344178,-117.2223885,
AS_SP26,GEN,UCMTG_6_FCELL,UCM_6_N110,22864_UCM  _69.0_GUM1,22M7_DB114,2022-07-28 0:00:00,4988,32.88217453,-117.223001,
AS_SP15,GEN,UCMTG_6_FCELL,UCM_6_N110,22864_UCM  _69.0_GUM1,22M7_DB114,2022-07-28 0:00:00,4988,32.88217453,-117.223001,
AS_SP26,LOAD,GENSSE_6_LD30,GENESEE_6_N001,22316_GENESEE _69.0_LD30,22M7_DB114,2022-07-28 0:00:00,1482,32.87971154,-117.2137265,
AS_SP15,LOAD,GENSSE_6_LD30,GENESEE_6_N001,22316_GENESEE _69.0_LD30,22M7_DB114,2022-07-28 0:00:00,1482,32.87971154,-117.2137265,
AS_SP15,LOAD,GENSSE_6_LD31,GENESEE_6_N005,22316_GENESEE _69.0_LD31,22M7_DB114,2022-07-28 0:00:00,1483,32.87975696,-117.2134127,
AS_SP26,LOAD,GENSSE_6_LD31,GENESEE_6_N005,22316_GENESEE _69.0_LD31,22M7_DB114,2022-07-28 0:00:00,1483,32.87975696,-117.2134127,
AS_SP26,LOAD,GENSSE_6_LD32,GENESEE_6_N011,22316_GENESEE _69.0_LD32,22M7_DB114,2022-07-28 0:00:00,1484,32.87955605,-117.2137187,
AS_SP15,LOAD,GENSSE_6_LD32,GENESEE_6_N011,22316_GENESEE _69.0_LD32,22M7_DB114,2022-07-28 0:00:00,1484,32.87955605,-117.2137187,
AS_SP15,LOAD,GENSSE_6_LD33,GENESEE_6_N015,22316_GENESEE _69.0_LD33,22M7_DB114,2022-07-28 0:00:00,1485,32.87948906,-117.2133968,
AS_SP26,LOAD,GENSSE_6_LD33,GENESEE_6_N015,22316_GENESEE _69.0_LD33,22M7_DB114,2022-07-28 0:00:00,1485,32.87948906,-117.2133968,
AS_SP26,LOAD,EGATE_6_LD30,EASTGATE_6_N201,22204_EASTGATE_69.0_LD30,22M7_DB114,2022-07-28 0:00:00,1174,32.88496124,-117.2008339,
AS_SP15,LOAD,EGATE_6_LD30,EASTGATE_6_N201,22204_EASTGATE_69.0_LD30,22M7_DB114,2022-07-28 0:00:00,1174,32.88496124,-117.2008339,
AS_SP26,LOAD,EGATE_6_LD31,EASTGATE_6_N101,22204_EASTGATE_69.0_LD31,22M7_DB114,2022-07-28 0:00:00,1175,32.88483921,-117.2009561,
AS_SP15,LOAD,EGATE_6_LD31,EASTGATE_6_N101,22204_EASTGATE_69.0_LD31,22M7_DB114,2022-07-28 0:00:00,1175,32.88483921,-117.2009561,
AS_SP26,GEN,EGATE_7_NOCITY,EASTGATE_6_N004,22204_EASTGATE_69.0_GUM1,22M7_DB114,2022-07-28 0:00:00,1176,32.88485546,-117.2007272,
AS_SP15,GEN,EGATE_7_NOCITY,EASTGATE_6_N004,22204_EASTGATE_69.0_GUM1,22M7_DB114,2022-07-28 0:00:00,1176,32.88485546,-117.2007272,
AS_SP26,GEN,MRGT_6_MEF2,MRGT_6_NODE1,22487_MEF MR2 _13.8_GUQ,22M7_DB114,2022-07-28 0:00:00,2518,32.87603634,-117.1655337,
AS_SP15,GEN,MRGT_6_MEF2,MRGT_6_NODE1,22487_MEF MR2 _13.8_GUQ,22M7_DB114,2022-07-28 0:00:00,2518,32.87603634,-117.1655337,
AS_SP26,LOAD,MESARM_6_LD30,MESARIM_6_N012,22444_MESA RIM_69.0_LD30,22M7_DB114,2022-07-28 0:00:00,2348,32.90519416,-117.1731609,
AS_SP15,LOAD,MESARM_6_LD30,MESARIM_6_N012,22444_MESA RIM_69.0_LD30,22M7_DB114,2022-07-28 0:00:00,2348,32.90519416,-117.1731609,
AS_SP26,LOAD,MESARM_6_LD31,MESARIM_6_N001,22444_MESA RIM_69.0_LD31,22M7_DB114,2022-07-28 0:00:00,2349,32.90487943,-117.1734469,
AS_SP15,LOAD,MESARM_6_LD31,MESARIM_6_N001,22444_MESA RIM_69.0_LD31,22M7_DB114,2022-07-28 0:00:00,2349,32.90487943,-117.1734469,
AS_SP15,LOAD,MESARM_6_LD32,MESARIM_6_N008,22444_MESA RIM_69.0_LD32,22M7_DB114,2022-07-28 0:00:00,2350,32.90495445,-117.1728972,
AS_SP26,LOAD,MESARM_6_LD32,MESARIM_6_N008,22444_MESA RIM_69.0_LD32,22M7_DB114,2022-07-28 0:00:00,2350,32.90495445,-117.1728972,
AS_SP26,LOAD,MESARM_6_LD33,MESARIM_6_N007,22444_MESA RIM_69.0_LD33,22M7_DB114,2022-07-28 0:00:00,2351,32.90475475,-117.1730793,
AS_SP15,LOAD,MESARM_6_LD33,MESARIM_6_N007,22444_MESA RIM_69.0_LD33,22M7_DB114,2022-07-28 0:00:00,2351,32.90475475,-117.1730793,
AS_SP26,LOAD,MIRMAR_6_LD30,MIRAMAR_6_N017,22480_MIRAMAR _69.0_LD30,22M7_DB114,2022-07-28 0:00:00,2397,32.89421848,-117.1357881,
AS_SP15,LOAD,MIRMAR_6_LD30,MIRAMAR_6_N017,22480_MIRAMAR _69.0_LD30,22M7_DB114,2022-07-28 0:00:00,2397,32.89421848,-117.1357881,
AS_SP26,LOAD,MIRMAR_6_LD31,MIRAMAR_6_N001,22480_MIRAMAR _69.0_LD31,22M7_DB114,2022-07-28 0:00:00,2398,32.89420967,-117.135496,
AS_SP15,LOAD,MIRMAR_6_LD31,MIRAMAR_6_N001,22480_MIRAMAR _69.0_LD31,22M7_DB114,2022-07-28 0:00:00,2398,32.89420967,-117.135496,
AS_SP26,LOAD,MIRMAR_6_LD32,MIRAMAR_6_N004,22480_MIRAMAR _69.0_LD32,22M7_DB114,2022-07-28 0:00:00,2399,32.8939727,-117.135802,
AS_SP15,LOAD,MIRMAR_6_LD32,MIRAMAR_6_N004,22480_MIRAMAR _69.0_LD32,22M7_DB114,2022-07-28 0:00:00,2399,32.8939727,-117.135802,
AS_SP15,GEN,MRGT_6_MMAREF,MIRAMREF_7_B1,22489_MIRAMREF_13.8_GUEF,22M7_DB114,2022-07-28 0:00:00,2519,32.89401659,-117.1354521,
AS_SP26,GEN,MRGT_6_MMAREF,MIRAMREF_7_B1,22489_MIRAMREF_13.8_GUEF,22M7_DB114,2022-07-28 0:00:00,2519,32.89401659,-117.1354521,
AS_SP15,LOAD,SCRIPS_6_LD30,SCRIPPS_6_N008,22756_SCRIPPS _69.0_LD30,22M7_DB114,2022-07-28 0:00:00,4410,32.91127459,-117.1125828,
AS_SP26,LOAD,SCRIPS_6_LD30,SCRIPPS_6_N008,22756_SCRIPPS _69.0_LD30,22M7_DB114,2022-07-28 0:00:00,4410,32.91127459,-117.1125828,
AS_SP26,LOAD,SCRIPS_6_LD31,SCRIPPS_6_N001,22756_SCRIPPS _69.0_LD31,22M7_DB114,2022-07-28 0:00:00,4411,32.91102907,-117.1127976,
AS_SP15,LOAD,SCRIPS_6_LD31,SCRIPPS_6_N001,22756_SCRIPPS _69.0_LD31,22M7_DB114,2022-07-28 0:00:00,4411,32.91102907,-117.1127976,
AS_SP26,LOAD,SCRIPS_6_LD32,SCRIPPS_6_N013,22756_SCRIPPS _69.0_LD32,22M7_DB114,2022-07-28 0:00:00,4412,32.9110943,-117.112352,
AS_SP15,LOAD,SCRIPS_6_LD32,SCRIPPS_6_N013,22756_SCRIPPS _69.0_LD32,22M7_DB114,2022-07-28 0:00:00,4412,32.9110943,-117.112352,
AS_SP26,LOAD,CCRITA_1_LD40,CHCARITA_1_N004,22124_CHCARITA_138_LD40,22M7_DB114,2022-07-28 0:00:00,578,32.96013546,-117.0900725,can't find the station (statelitle looks like neighborhood
AS_SP15,LOAD,CCRITA_1_LD40,CHCARITA_1_N004,22124_CHCARITA_138_LD40,22M7_DB114,2022-07-28 0:00:00,578,32.96013546,-117.0900725,
AS_SP15,LOAD,CCRITA_1_LD41,CHCARITA_1_N008,22124_CHCARITA_138_LD41,22M7_DB114,2022-07-28 0:00:00,579,32.9601199,-117.0898954,
AS_SP26,LOAD,CCRITA_1_LD41,CHCARITA_1_N008,22124_CHCARITA_138_LD41,22M7_DB114,2022-07-28 0:00:00,579,32.9601199,-117.0898954,
AS_SP26,LOAD,CCRITA_1_LD42,CHCARITA_1_N001,22124_CHCARITA_138_LD42,22M7_DB114,2022-07-28 0:00:00,580,32.95999968,-117.0900387,
AS_SP15,LOAD,CCRITA_1_LD42,CHCARITA_1_N001,22124_CHCARITA_138_LD42,22M7_DB114,2022-07-28 0:00:00,580,32.95999968,-117.0900387,
AS_SP15,GEN,CCRITA_7_RPPCHF,CHCARITA_1_N012,22124_CHCARITA_138_GUM1,22M7_DB114,2022-07-28 0:00:00,581,32.96000101,-117.0898248,
AS_SP26,GEN,CCRITA_7_RPPCHF,CHCARITA_1_N012,22124_CHCARITA_138_GUM1,22M7_DB114,2022-07-28 0:00:00,581,32.96000101,-117.0898248,
AS_SP15,LOAD,POMRDO_6_LD31,POMERADO_6_N001,22664_POMERADO_69.0_LD31,22M7_DB114,2022-07-28 0:00:00,3641,32.94154767,-117.0328017,
AS_SP26,LOAD,POMRDO_6_LD31,POMERADO_6_N001,22664_POMERADO_69.0_LD31,22M7_DB114,2022-07-28 0:00:00,3641,32.94154767,-117.0328017,
AS_SP15,LOAD,POMRDO_6_LD32,POMERADO_6_N008,22664_POMERADO_69.0_LD32,22M7_DB114,2022-07-28 0:00:00,3642,32.94121451,-117.0331609,
AS_SP26,LOAD,POMRDO_6_LD32,POMERADO_6_N008,22664_POMERADO_69.0_LD32,22M7_DB114,2022-07-28 0:00:00,3642,32.94121451,-117.0331609,
AS_SP26,LOAD,POMRDO_6_LD33,POMERADO_6_N004,22664_POMERADO_69.0_LD33,22M7_DB114,2022-07-28 0:00:00,3643,32.94119401,-117.0324755,
AS_SP15,LOAD,POMRDO_6_LD33,POMERADO_6_N004,22664_POMERADO_69.0_LD33,22M7_DB114,2022-07-28 0:00:00,3643,32.94119401,-117.0324755,
AS_SP26,LOAD,POWAY_6_LD30,POWAY_6_N001,22668_POWAY  _69.0_LD30,22M7_DB114,2022-07-28 0:00:00,3656,32.97869735,-117.0314377,
AS_SP15,LOAD,POWAY_6_LD30,POWAY_6_N001,22668_POWAY  _69.0_LD30,22M7_DB114,2022-07-28 0:00:00,3656,32.97869735,-117.0314377,
AS_SP26,LOAD,POWAY_6_LD31,POWAY_6_N010,22668_POWAY  _69.0_LD31,22M7_DB114,2022-07-28 0:00:00,3657,32.97870402,-117.031188,
AS_SP15,LOAD,POWAY_6_LD31,POWAY_6_N010,22668_POWAY  _69.0_LD31,22M7_DB114,2022-07-28 0:00:00,3657,32.97870402,-117.031188,
AS_SP26,LOAD,RCHCML_6_LD31,RCARMEL_6_N004,22676_R.CARMEL_69.0_LD31,22M7_DB114,2022-07-28 0:00:00,3728,32.99362539,-117.0780601,
AS_SP15,LOAD,RCHCML_6_LD31,RCARMEL_6_N004,22676_R.CARMEL_69.0_LD31,22M7_DB114,2022-07-28 0:00:00,3728,32.99362539,-117.0780601,
AS_SP26,LOAD,RCHCML_6_LD32,RCARMEL_6_N011,22676_R.CARMEL_69.0_LD32,22M7_DB114,2022-07-28 0:00:00,3729,32.99362074,-117.077956,
AS_SP15,LOAD,RCHCML_6_LD32,RCARMEL_6_N011,22676_R.CARMEL_69.0_LD32,22M7_DB114,2022-07-28 0:00:00,3729,32.99362074,-117.077956,
AS_SP26,LOAD,RCHCML_6_LD33,RCARMEL_6_N001,22676_R.CARMEL_69.0_LD33,22M7_DB114,2022-07-28 0:00:00,3730,32.99363878,-117.0773916,
AS_SP15,LOAD,RCHCML_6_LD33,RCARMEL_6_N001,22676_R.CARMEL_69.0_LD33,22M7_DB114,2022-07-28 0:00:00,3730,32.99363878,-117.0773916,
AS_SP15,LOAD,BENRDO_6_LD30,BERNARDO_6_N014,22056_BERNARDO_69.0_LD30,22M7_DB114,2022-07-28 0:00:00,256,33.02170605,-117.0962795,
AS_SP26,LOAD,BENRDO_6_LD30,BERNARDO_6_N014,22056_BERNARDO_69.0_LD30,22M7_DB114,2022-07-28 0:00:00,256,33.02170605,-117.0962795,
AS_SP26,LOAD,BENRDO_6_LD31,BERNARDO_6_N001,22056_BERNARDO_69.0_LD31,22M7_DB114,2022-07-28 0:00:00,257,33.02149182,-117.0960007,
AS_SP15,LOAD,BENRDO_6_LD31,BERNARDO_6_N001,22056_BERNARDO_69.0_LD31,22M7_DB114,2022-07-28 0:00:00,257,33.02149182,-117.0960007,
AS_SP26,LOAD,BENRDO_6_LD32,BERNARDO_6_N013,22056_BERNARDO_69.0_LD32,22M7_DB114,2022-07-28 0:00:00,258,33.02145283,-117.0963228,
AS_SP15,LOAD,BENRDO_6_LD32,BERNARDO_6_N013,22056_BERNARDO_69.0_LD32,22M7_DB114,2022-07-28 0:00:00,258,33.02145283,-117.0963228,
AS_SP15,LOAD,BENRDO_6_LD33,BERNARDO_6_N009,22056_BERNARDO_69.0_LD33,22M7_DB114,2022-07-28 0:00:00,259,33.02150013,-117.0967119,
AS_SP26,LOAD,BENRDO_6_LD33,BERNARDO_6_N009,22056_BERNARDO_69.0_LD33,22M7_DB114,2022-07-28 0:00:00,259,33.02150013,-117.0967119,
AS_SP26,LOAD,BENRDO_6_LD34,BERNARDO_6_N002,22056_BERNARDO_69.0_LD34,22M7_DB114,2022-07-28 0:00:00,260,33.02121358,-117.0963061,
AS_SP15,LOAD,BENRDO_6_LD34,BERNARDO_6_N002,22056_BERNARDO_69.0_LD34,22M7_DB114,2022-07-28 0:00:00,260,33.02121358,-117.0963061,
AS_SP26,LOAD,ARTESN_6_LD32,ARTESN_6_N001,22009_ARTESN _69.0_LD32,22M7_DB114,2022-07-28 0:00:00,135,33.02122758,-117.1341006,
AS_SP15,LOAD,ARTESN_6_LD32,ARTESN_6_N001,22009_ARTESN _69.0_LD32,22M7_DB114,2022-07-28 0:00:00,135,33.02122758,-117.1341006,
AS_SP15,LOAD,RCHSFE_6_LD20,RSNTAFE_6_N008,22680_R.SNTAFE_69.0_LD20,22M7_DB114,2022-07-28 0:00:00,3733,33.01443317,-117.1985582,
AS_SP26,LOAD,RCHSFE_6_LD20,RSNTAFE_6_N008,22680_R.SNTAFE_69.0_LD20,22M7_DB114,2022-07-28 0:00:00,3733,33.01443317,-117.1985582,
AS_SP26,LOAD,RCHSFE_6_LD30,RSNTAFE_6_N001,22680_R.SNTAFE_69.0_LD30,22M7_DB114,2022-07-28 0:00:00,3734,33.01425524,-117.1986737,
AS_SP15,LOAD,RCHSFE_6_LD30,RSNTAFE_6_N001,22680_R.SNTAFE_69.0_LD30,22M7_DB114,2022-07-28 0:00:00,3734,33.01425524,-117.1986737,
AS_SP26,LOAD,RCHSFE_6_LD31,RSNTAFE_6_N009,22680_R.SNTAFE_69.0_LD31,22M7_DB114,2022-07-28 0:00:00,3735,33.01416246,-117.1984397,
AS_SP15,LOAD,RCHSFE_6_LD31,RSNTAFE_6_N009,22680_R.SNTAFE_69.0_LD31,22M7_DB114,2022-07-28 0:00:00,3735,33.01416246,-117.1984397,
AS_SP26,LOAD,DELMAR_6_LD31,DELMAR_6_N010,22160_DEL MAR _69.0_LD31,22M7_DB114,2022-07-28 0:00:00,947,32.98069889,-117.2555987,
AS_SP15,LOAD,DELMAR_6_LD31,DELMAR_6_N010,22160_DEL MAR _69.0_LD31,22M7_DB114,2022-07-28 0:00:00,947,32.98069889,-117.2555987,
AS_SP26,LOAD,DELMAR_6_LD32,DELMAR_6_N011,22160_DEL MAR _69.0_LD32,22M7_DB114,2022-07-28 0:00:00,948,32.98068539,-117.2552255,
AS_SP15,LOAD,DELMAR_6_LD32,DELMAR_6_N011,22160_DEL MAR _69.0_LD32,22M7_DB114,2022-07-28 0:00:00,948,32.98068539,-117.2552255,
AS_SP26,LOAD,ENCNTS_6_LD20,ENCNITAS_6_N001,22252_ENCNITAS_69.0_LD20,22M7_DB114,2022-07-28 0:00:00,1267,33.05071225,-117.2853193,
AS_SP15,LOAD,ENCNTS_6_LD20,ENCNITAS_6_N001,22252_ENCNITAS_69.0_LD20,22M7_DB114,2022-07-28 0:00:00,1267,33.05071225,-117.2853193,
AS_SP15,LOAD,ENCNTS_6_LD30,ENCNITAS_6_N004,22252_ENCNITAS_69.0_LD32,22M7_DB114,2022-07-28 0:00:00,1268,33.05058023,-117.2854145,
AS_SP26,LOAD,ENCNTS_6_LD30,ENCNITAS_6_N004,22252_ENCNITAS_69.0_LD32,22M7_DB114,2022-07-28 0:00:00,1268,33.05058023,-117.2854145,
AS_SP26,LOAD,ENCNTS_6_LD31,ENCNITAS_6_N011,22252_ENCNITAS_69.0_LD31,22M7_DB114,2022-07-28 0:00:00,1269,33.05053913,-117.2851851,
AS_SP15,LOAD,ENCNTS_6_LD31,ENCNITAS_6_N011,22252_ENCNITAS_69.0_LD31,22M7_DB114,2022-07-28 0:00:00,1269,33.05053913,-117.2851851,
AS_SP26,LOAD,WRNCYN_6_LD20,WARENCYN_6_N002,22880_WARENCYN_69.0_LD20,22M7_DB114,2022-07-28 0:00:00,5338,33.01545557,-117.0023576,
AS_SP15,LOAD,WRNCYN_6_LD20,WARENCYN_6_N002,22880_WARENCYN_69.0_LD20,22M7_DB114,2022-07-28 0:00:00,5338,33.01545557,-117.0023576,
AS_SP26,LOAD,WRNCYN_6_LD30,WARENCYN_6_N001,22880_WARENCYN_69.0_LD30,22M7_DB114,2022-07-28 0:00:00,5339,33.01545588,-117.0020028,
AS_SP15,LOAD,WRNCYN_6_LD30,WARENCYN_6_N001,22880_WARENCYN_69.0_LD30,22M7_DB114,2022-07-28 0:00:00,5339,33.01545588,-117.0020028,
AS_SP26,GEN,BLM W_2_COSBT1,BLM W_2_COSBT1GN,GN-COSBT1_GU,22M7_DB114,2022-07-28 0:00:00,342,33.13704175,-117.3354643,
AS_SP15,GEN,BLM W_2_COSBT1,BLM W_2_COSBT1GN,GN-COSBT1_GU,22M7_DB114,2022-07-28 0:00:00,342,33.13704175,-117.3354643,
AS_SP26,LOAD,ENCINA_1_GN-A1XA2,ENCINA_1_N049,22228_ENCINA _138_LDA1,22M7_DB114,2022-07-28 0:00:00,1264,33.13649609,-117.3354317,
AS_SP15,LOAD,ENCINA_1_GN-A1XA2,ENCINA_1_N049,22228_ENCINA _138_LDA1,22M7_DB114,2022-07-28 0:00:00,1264,33.13649609,-117.3354317,
AS_SP26,LOAD,ENCINA_1_GN-A4XA5,ENCINA_1_N001,22228_ENCINA _138_LDA4,22M7_DB114,2022-07-28 0:00:00,1265,33.136709,-117.3348233,
AS_SP15,LOAD,ENCINA_1_GN-A4XA5,ENCINA_1_N001,22228_ENCINA _138_LDA4,22M7_DB114,2022-07-28 0:00:00,1265,33.136709,-117.3348233,
AS_SP26,LOAD,OCNSDE_6_LD30,OCEANSDE_6_N001,22584_OCEANSDE_69.0_LD30,22M7_DB114,2022-07-28 0:00:00,2707,33.19682652,-117.3819731,
AS_SP15,LOAD,OCNSDE_6_LD30,OCEANSDE_6_N001,22584_OCEANSDE_69.0_LD30,22M7_DB114,2022-07-28 0:00:00,2707,33.19682652,-117.3819731,
AS_SP26,LOAD,OCNSDE_6_LD31,OCEANSDE_6_N002,22584_OCEANSDE_69.0_LD31,22M7_DB114,2022-07-28 0:00:00,2708,33.19681509,-117.3817358,
AS_SP15,LOAD,OCNSDE_6_LD31,OCEANSDE_6_N002,22584_OCEANSDE_69.0_LD31,22M7_DB114,2022-07-28 0:00:00,2708,33.19681509,-117.3817358,
AS_SP15,LOAD,SANLUS_6_LD33,SANLUSRY_6_N101,22708_SANLUSRY_69.0_LD33,22M7_DB114,2022-07-28 0:00:00,3918,33.21143111,-117.3349068,
AS_SP26,LOAD,SANLUS_6_LD33,SANLUSRY_6_N101,22708_SANLUSRY_69.0_LD33,22M7_DB114,2022-07-28 0:00:00,3918,33.21143111,-117.3349068,
AS_SP15,LOAD,SANLUS_6_LD34,SANLUSRY_6_N201,22708_SANLUSRY_69.0_LD34,22M7_DB114,2022-07-28 0:00:00,3919,33.21163841,-117.3339545,
AS_SP26,LOAD,SANLUS_6_LD34,SANLUSRY_6_N201,22708_SANLUSRY_69.0_LD34,22M7_DB114,2022-07-28 0:00:00,3919,33.21163841,-117.3339545,
AS_SP15,LOAD,MELRSE_6_LD30,MELROSE_6_N001,22440_MELROSE _69.0_LD30,22M7_DB114,2022-07-28 0:00:00,2327,33.20669687,-117.2529938,
AS_SP26,LOAD,MELRSE_6_LD30,MELROSE_6_N001,22440_MELROSE _69.0_LD30,22M7_DB114,2022-07-28 0:00:00,2327,33.20669687,-117.2529938,
AS_SP15,LOAD,MELRSE_6_LD31,MELROSE_6_N009,22440_MELROSE _69.0_LD31,22M7_DB114,2022-07-28 0:00:00,2328,33.20664369,-117.2525929,
AS_SP26,LOAD,MELRSE_6_LD31,MELROSE_6_N009,22440_MELROSE _69.0_LD31,22M7_DB114,2022-07-28 0:00:00,2328,33.20664369,-117.2525929,
AS_SP26,LOAD,MELRSE_6_LD32,MELROSE_6_N005,22440_MELROSE _69.0_LD32,22M7_DB114,2022-07-28 0:00:00,2329,33.20633634,-117.2532469,
AS_SP15,LOAD,MELRSE_6_LD32,MELROSE_6_N005,22440_MELROSE _69.0_LD32,22M7_DB114,2022-07-28 0:00:00,2329,33.20633634,-117.2532469,
AS_SP26,LOAD,MELRSE_6_LD33,MELROSE_6_N004,22440_MELROSE _69.0_LD33,22M7_DB114,2022-07-28 0:00:00,2330,33.20637034,-117.2527908,
AS_SP15,LOAD,MELRSE_6_LD33,MELROSE_6_N004,22440_MELROSE _69.0_LD33,22M7_DB114,2022-07-28 0:00:00,2330,33.20637034,-117.2527908,
AS_SP15,LOAD,MOROHL_6_LD30,MOROHILL_6_N001,22528_MOROHILL_69.0_LD1,22M7_DB114,2022-07-28 0:00:00,2483,33.2522007,-117.3003204,
AS_SP26,LOAD,MOROHL_6_LD30,MOROHILL_6_N001,22528_MOROHILL_69.0_LD1,22M7_DB114,2022-07-28 0:00:00,2483,33.2522007,-117.3003204,
AS_SP15,LOAD,PNDLTN_6_LD30,PENDLETN_6_N004,22640_PENDLETN_69.0_LD30,22M7_DB114,2022-07-28 0:00:00,3626,33.30916777,-117.3352508,
AS_SP26,LOAD,PNDLTN_6_LD30,PENDLETN_6_N004,22640_PENDLETN_69.0_LD30,22M7_DB114,2022-07-28 0:00:00,3626,33.30916777,-117.3352508,
AS_SP15,LOAD,PNDLTN_6_LD31,PENDLETN_6_N001,22640_PENDLETN_69.0_LD31,22M7_DB114,2022-07-28 0:00:00,3627,33.30918349,-117.3349656,
AS_SP26,LOAD,PNDLTN_6_LD31,PENDLETN_6_N001,22640_PENDLETN_69.0_LD31,22M7_DB114,2022-07-28 0:00:00,3627,33.30918349,-117.3349656,
AS_SP15,LOAD,MNSRTE_6_LD30,MONSRATE_6_N001,22512_MONSRATE_69.0_LD30,22M7_DB114,2022-07-28 0:00:00,2429,33.32905287,-117.2355635,
AS_SP26,LOAD,MNSRTE_6_LD30,MONSRATE_6_N001,22512_MONSRATE_69.0_LD30,22M7_DB114,2022-07-28 0:00:00,2429,33.32905287,-117.2355635,
AS_SP26,LOAD,MNSRTE_6_LD31,MONSRATE_6_N007,22512_MONSRATE_69.0_LD31,22M7_DB114,2022-07-28 0:00:00,2430,33.32915593,-117.2352391,
AS_SP15,LOAD,MNSRTE_6_LD31,MONSRATE_6_N007,22512_MONSRATE_69.0_LD31,22M7_DB114,2022-07-28 0:00:00,2430,33.32915593,-117.2352391,
AS_SP26,LOAD,AVOCDO_6_LD31,AVOCADO_6_N002,22020_AVOCADO _69.0_LD31,22M7_DB114,2022-07-28 0:00:00,171,33.38470052,-117.2370801,
AS_SP15,LOAD,AVOCDO_6_LD31,AVOCADO_6_N002,22020_AVOCADO _69.0_LD31,22M7_DB114,2022-07-28 0:00:00,171,33.38470052,-117.2370801,
AS_SP15,LOAD,AVOCDO_6_LD32,AVOCADO_6_N001,22020_AVOCADO _69.0_LD32,22M7_DB114,2022-07-28 0:00:00,172,33.3846983,-117.2367474,
AS_SP26,LOAD,AVOCDO_6_LD32,AVOCADO_6_N001,22020_AVOCADO _69.0_LD32,22M7_DB114,2022-07-28 0:00:00,172,33.3846983,-117.2367474,
AS_NP15,GEN,PALALT_7_COBUG,PLOALTO_1_N019,38028_PLO ALTO_115_GUM1,22M7_DB114,2022-07-28 0:00:00,2839,33.35920034,-117.111482,
AS_NP26,GEN,PALALT_7_COBUG,PLOALTO_1_N019,38028_PLO ALTO_115_GUM1,22M7_DB114,2022-07-28 0:00:00,2839,33.35920034,-117.111482,
AS_NP26,LOAD,PALALT_1_LD1,PLOALTO_1_N013,38028_PLO ALTO_115_LD1,22M7_DB114,2022-07-28 0:00:00,2836,33.35582424,-117.1125309,
AS_NP15,LOAD,PALALT_1_LD1,PLOALTO_1_N013,38028_PLO ALTO_115_LD1,22M7_DB114,2022-07-28 0:00:00,2836,33.35582424,-117.1125309,
AS_NP26,LOAD,PALALT_1_LD2,PLOALTO_1_N001,38028_PLO ALTO_115_LD2,22M7_DB114,2022-07-28 0:00:00,2837,33.35584386,-117.1125106,
AS_NP15,LOAD,PALALT_1_LD2,PLOALTO_1_N001,38028_PLO ALTO_115_LD2,22M7_DB114,2022-07-28 0:00:00,2837,33.35584386,-117.1125106,
AS_NP26,LOAD,PALALT_1_LD3,PLOALTO_1_N007,38028_PLO ALTO_115_LD3,22M7_DB114,2022-07-28 0:00:00,2838,33.3557237,-117.1122209,
AS_NP15,LOAD,PALALT_1_LD3,PLOALTO_1_N007,38028_PLO ALTO_115_LD3,22M7_DB114,2022-07-28 0:00:00,2838,33.3557237,-117.1122209,
AS_SP15,LOAD,PALA_6_LD30,PALA_6_N001,22624_PALA _69.0_LD1,22M7_DB114,2022-07-28 0:00:00,2840,33.35607115,-117.1123405,
AS_SP26,LOAD,PALA_6_LD30,PALA_6_N001,22624_PALA _69.0_LD1,22M7_DB114,2022-07-28 0:00:00,2840,33.35607115,-117.1123405,
AS_SP26,LOAD,LILIAC_6_LD31,LILAC_6_N010,22405_LILACGEN_12.5_LD31,22M7_DB114,2022-07-28 0:00:00,2121,33.25334054,-117.0859586,
AS_SP15,LOAD,LILIAC_6_LD31,LILAC_6_N010,22405_LILACGEN_12.5_LD31,22M7_DB114,2022-07-28 0:00:00,2121,33.25334054,-117.0859586,
AS_SP26,LOAD,LILIAC_6_LD32,LILAC_6_N001,22405_LILACGEN_12.5_LD32,22M7_DB114,2022-07-28 0:00:00,2122,33.25332439,-117.0857127,
AS_SP15,LOAD,LILIAC_6_LD32,LILAC_6_N001,22405_LILACGEN_12.5_LD32,22M7_DB114,2022-07-28 0:00:00,2122,33.25332439,-117.0857127,
AS_SP26,LOAD,PARPRT_1_LD40,PALOMAR_1_N013,22632_PALOMAR _138_LD40,22M7_DB114,2022-07-28 0:00:00,2865,33.12302948,-117.2878474,
AS_SP15,LOAD,PARPRT_1_LD40,PALOMAR_1_N013,22632_PALOMAR _138_LD40,22M7_DB114,2022-07-28 0:00:00,2865,33.12302948,-117.2878474,
AS_SP15,LOAD,PARPRT_1_LD41,PALOMAR_1_N004,22632_PALOMAR _138_LD41,22M7_DB114,2022-07-28 0:00:00,2866,33.12302948,-117.2878474,
AS_SP26,LOAD,PARPRT_1_LD41,PALOMAR_1_N004,22632_PALOMAR _138_LD41,22M7_DB114,2022-07-28 0:00:00,2866,33.12302948,-117.2878474,
AS_SP26,LOAD,PARPRT_1_LD42,PALOMAR_1_N001,22632_PALOMAR _138_LD42,22M7_DB114,2022-07-28 0:00:00,2867,33.12275563,-117.2876275,
AS_SP15,LOAD,PARPRT_1_LD42,PALOMAR_1_N001,22632_PALOMAR _138_LD42,22M7_DB114,2022-07-28 0:00:00,2867,33.12275563,-117.2876275,
AS_SP26,LOAD,BQUTOS_1_LD41,BATIQTOS_1_N001,22048_BATIQTOS_138_LD41,22M7_DB114,2022-07-28 0:00:00,379,33.10131378,-117.2503983,
AS_SP15,LOAD,BQUTOS_1_LD41,BATIQTOS_1_N001,22048_BATIQTOS_138_LD41,22M7_DB114,2022-07-28 0:00:00,379,33.10131378,-117.2503983,
AS_SP15,LOAD,BQUTOS_1_LD42,BATIQTOS_1_N015,22048_BATIQTOS_138_LD42,22M7_DB114,2022-07-28 0:00:00,380,33.10107759,-117.2507205,
AS_SP26,LOAD,BQUTOS_1_LD42,BATIQTOS_1_N015,22048_BATIQTOS_138_LD42,22M7_DB114,2022-07-28 0:00:00,380,33.10107759,-117.2507205,
AS_SP15,LOAD,BQUTOS_1_LD43,BATIQTOS_1_N008,22048_BATIQTOS_138_LD43,22M7_DB114,2022-07-28 0:00:00,381,33.10108203,-117.2501996,
AS_SP26,LOAD,BQUTOS_1_LD43,BATIQTOS_1_N008,22048_BATIQTOS_138_LD43,22M7_DB114,2022-07-28 0:00:00,381,33.10108203,-117.2501996,
AS_SP26,LOAD,SHRDGE_1_LD40,SHADOWR_1_N008,22760_SHADOWR _138_LD40,22M7_DB114,2022-07-28 0:00:00,4535,33.14166179,-117.238825,
AS_SP15,LOAD,SHRDGE_1_LD40,SHADOWR_1_N008,22760_SHADOWR _138_LD40,22M7_DB114,2022-07-28 0:00:00,4535,33.14166179,-117.238825,
AS_SP26,LOAD,SHRDGE_1_LD41,SHADOWR_1_N006,22760_SHADOWR _138_LD41,22M7_DB114,2022-07-28 0:00:00,4536,33.14140249,-117.2391186,
AS_SP15,LOAD,SHRDGE_1_LD41,SHADOWR_1_N006,22760_SHADOWR _138_LD41,22M7_DB114,2022-07-28 0:00:00,4536,33.14140249,-117.2391186,
AS_SP15,LOAD,SHRDGE_1_LD42,SHADOWR_1_N001,22760_SHADOWR _138_LD42,22M7_DB114,2022-07-28 0:00:00,4537,33.14137852,-117.2385979,
AS_SP26,LOAD,SHRDGE_1_LD42,SHADOWR_1_N001,22760_SHADOWR _138_LD42,22M7_DB114,2022-07-28 0:00:00,4537,33.14137852,-117.2385979,
AS_SP15,LOAD,SMRCOS_6_LD30,SANMRCOS_6_N007,22724_SANMRCOS_69.0_LD30,22M7_DB114,2022-07-28 0:00:00,4615,33.12896437,-117.1973031,
AS_SP26,LOAD,SMRCOS_6_LD30,SANMRCOS_6_N007,22724_SANMRCOS_69.0_LD30,22M7_DB114,2022-07-28 0:00:00,4615,33.12896437,-117.1973031,
AS_SP26,LOAD,SMRCOS_6_LD31,SANMRCOS_6_N011,22724_SANMRCOS_69.0_LD31,22M7_DB114,2022-07-28 0:00:00,4616,33.12884126,-117.1969489,
AS_SP15,LOAD,SMRCOS_6_LD31,SANMRCOS_6_N011,22724_SANMRCOS_69.0_LD31,22M7_DB114,2022-07-28 0:00:00,4616,33.12884126,-117.1969489,
AS_SP26,LOAD,SMRCOS_6_LD32,SANMRCOS_6_N001,22724_SANMRCOS_69.0_LD32,22M7_DB114,2022-07-28 0:00:00,4617,33.12867277,-117.19707,
AS_SP15,LOAD,SMRCOS_6_LD32,SANMRCOS_6_N001,22724_SANMRCOS_69.0_LD32,22M7_DB114,2022-07-28 0:00:00,4617,33.12867277,-117.19707,
AS_SP15,GEN,SMRCOS_6_UNIT 1,SANMRCOS_6_N012,22724_SANMRCOS_69.0_GUM1,22M7_DB114,2022-07-28 0:00:00,4620,33.12853545,-117.197287,
AS_SP26,GEN,SMRCOS_6_UNIT 1,SANMRCOS_6_N012,22724_SANMRCOS_69.0_GUM1,22M7_DB114,2022-07-28 0:00:00,4620,33.12853545,-117.197287,
AS_NP26,LOAD,SANMAR_1_LD2,SNTAMRA_1_N005,36266_SNTA MRA_115_LD2,22M7_DB114,2022-07-28 0:00:00,3923,33.12871491,-117.1976226,
AS_SP15,LOAD,SANMAR_1_LD2,SNTAMRA_1_N005,36266_SNTA MRA_115_LD2,22M7_DB114,2022-07-28 0:00:00,3923,33.12871491,-117.1976226,
AS_NP26,LOAD,SANMAR_1_LD3,SNTAMRA_1_N001,36266_SNTA MRA_115_LD3,22M7_DB114,2022-07-28 0:00:00,3924,33.12847685,-117.1972897,
AS_SP15,LOAD,SANMAR_1_LD3,SNTAMRA_1_N001,36266_SNTA MRA_115_LD3,22M7_DB114,2022-07-28 0:00:00,3924,33.12847685,-117.1972897,
AS_SP15,LOAD,NCMTG_1_LD40,NCMETER_1_N001,22568_NCMETER _138_LD40,22M7_DB114,2022-07-28 0:00:00,2590,33.0896009,-117.2031965,
AS_SP26,LOAD,NCMTG_1_LD40,NCMETER_1_N001,22568_NCMETER _138_LD40,22M7_DB114,2022-07-28 0:00:00,2590,33.0896009,-117.2031965,
AS_SP26,LOAD,OLIVHN_6_LD1,OMWD_6_N001,22602_OMWD _69.0_LD1,22M7_DB114,2022-07-28 0:00:00,2744,33.06844795,-117.1415186,
AS_SP15,LOAD,OLIVHN_6_LD1,OMWD_6_N001,22602_OMWD _69.0_LD1,22M7_DB114,2022-07-28 0:00:00,2744,33.06844795,-117.1415186,
AS_SP15,LOAD,ESCNDO_6_LD30,ESCNDIDO_6_N046,22256_ESCNDIDO_69.0_LD30,22M7_DB114,2022-07-28 0:00:00,1288,33.12572564,-117.116791,
AS_SP26,LOAD,ESCNDO_6_LD30,ESCNDIDO_6_N046,22256_ESCNDIDO_69.0_LD30,22M7_DB114,2022-07-28 0:00:00,1288,33.12572564,-117.116791,
AS_SP15,LOAD,ESCNDO_6_LD31,ESCNDIDO_6_N001,22256_ESCNDIDO_69.0_LD31,22M7_DB114,2022-07-28 0:00:00,1289,33.12545971,-117.1166477,
AS_SP26,LOAD,ESCNDO_6_LD31,ESCNDIDO_6_N001,22256_ESCNDIDO_69.0_LD31,22M7_DB114,2022-07-28 0:00:00,1289,33.12545971,-117.1166477,
AS_SP15,LOAD,ESCNDO_6_LD32,ESCNDIDO_6_N053,22256_ESCNDIDO_69.0_LD32,22M7_DB114,2022-07-28 0:00:00,1290,33.12577608,-117.1171374,
AS_SP26,LOAD,ESCNDO_6_LD32,ESCNDIDO_6_N053,22256_ESCNDIDO_69.0_LD32,22M7_DB114,2022-07-28 0:00:00,1290,33.12577608,-117.1171374,
AS_SP26,GEN,ESCNDO_6_PL1X2,CPESCNDO_7_A1,22257_RAMCO_ES_13.8_GUA1,22M7_DB114,2022-07-28 0:00:00,1293,33.12579572,-117.1160761,
AS_SP15,GEN,ESCNDO_6_PL1X2,CPESCNDO_7_A1,22257_RAMCO_ES_13.8_GUA1,22M7_DB114,2022-07-28 0:00:00,1293,33.12579572,-117.1160761,
AS_SP26,GEN,ESCNDO_6_UNITB1,CPESCNDO_7_B1,22153_CPESCNDO_13.8_GU1,22M7_DB114,2022-07-28 0:00:00,1294,33.12587799,-117.1166727,
AS_SP15,GEN,ESCNDO_6_UNITB1,CPESCNDO_7_B1,22153_CPESCNDO_13.8_GU1,22M7_DB114,2022-07-28 0:00:00,1294,33.12587799,-117.1166727,
AS_SP15,LOAD,ESCO_6_LD31,ESCO_6_N004,22272_ESCO _69.0_LD31,22M7_DB114,2022-07-28 0:00:00,1297,33.11562179,-117.0894716,
AS_SP26,LOAD,ESCO_6_LD31,ESCO_6_N004,22272_ESCO _69.0_LD31,22M7_DB114,2022-07-28 0:00:00,1297,33.11562179,-117.0894716,
AS_SP26,LOAD,ESCO_6_LD32,ESCO_6_N001,22272_ESCO _69.0_LD32,22M7_DB114,2022-07-28 0:00:00,1298,33.11577403,-117.0890645,
AS_SP15,LOAD,ESCO_6_LD32,ESCO_6_N001,22272_ESCO _69.0_LD32,22M7_DB114,2022-07-28 0:00:00,1298,33.11577403,-117.0890645,
AS_SP15,GEN,ESCO_6_GLMQF,GOALLINE_6_N001,22332_GOALLINE_69.0_GU1,22M7_DB114,2022-07-28 0:00:00,1296,33.11703204,-117.0888245,
AS_SP26,GEN,ESCO_6_GLMQF,GOALLINE_6_N001,22332_GOALLINE_69.0_GU1,22M7_DB114,2022-07-28 0:00:00,1296,33.11703204,-117.0888245,
AS_SP15,LOAD,FELCTA_6_LD30,FELICITA_6_N009,22288_FELICITA_69.0_LD30,22M7_DB114,2022-07-28 0:00:00,1356,33.0933505,-117.073652,
AS_SP26,LOAD,FELCTA_6_LD30,FELICITA_6_N009,22288_FELICITA_69.0_LD30,22M7_DB114,2022-07-28 0:00:00,1356,33.0933505,-117.073652,
AS_SP26,LOAD,FELCTA_6_LD31,FELICITA_6_N005,22288_FELICITA_69.0_LD31,22M7_DB114,2022-07-28 0:00:00,1357,33.09305163,-117.0738402,
AS_SP15,LOAD,FELCTA_6_LD31,FELICITA_6_N005,22288_FELICITA_69.0_LD31,22M7_DB114,2022-07-28 0:00:00,1357,33.09305163,-117.0738402,
AS_SP15,LOAD,FELCTA_6_LD32,FELICITA_6_N001,22288_FELICITA_69.0_LD32,22M7_DB114,2022-07-28 0:00:00,1358,33.09302678,-117.0734188,
AS_SP26,LOAD,FELCTA_6_LD32,FELICITA_6_N001,22288_FELICITA_69.0_LD32,22M7_DB114,2022-07-28 0:00:00,1358,33.09302678,-117.0734188,
AS_SP26,LOAD,ASH_6_LD30,ASH_6_N005,22008_ASH  _69.0_LD30,22M7_DB114,2022-07-28 0:00:00,145,33.13678728,-117.0705751,
AS_SP15,LOAD,ASH_6_LD30,ASH_6_N005,22008_ASH  _69.0_LD30,22M7_DB114,2022-07-28 0:00:00,145,33.13678728,-117.0705751,
AS_SP15,LOAD,ASH_6_LD31,ASH_6_N101,22008_ASH  _69.0_LD31,22M7_DB114,2022-07-28 0:00:00,146,33.13662312,-117.0704085,
AS_SP26,LOAD,ASH_6_LD31,ASH_6_N101,22008_ASH  _69.0_LD31,22M7_DB114,2022-07-28 0:00:00,146,33.13662312,-117.0704085,
AS_SP15,LOAD,ASH_6_LD32,ASH_6_N001,22008_ASH  _69.0_LD32,22M7_DB114,2022-07-28 0:00:00,147,33.13665216,-117.0700699,
AS_SP26,LOAD,ASH_6_LD32,ASH_6_N001,22008_ASH  _69.0_LD32,22M7_DB114,2022-07-28 0:00:00,147,33.13665216,-117.0700699,
AS_SP26,GEN,CRELMN_6_RAMON2,RAMNGEN_7_N003,22154_RAMN GEN_12.0_GU2,22M7_DB114,2022-07-28 0:00:00,837,33.01480304,-116.8752718,
AS_SP15,GEN,CRELMN_6_RAMON2,RAMNGEN_7_N003,22154_RAMN GEN_12.0_GU2,22M7_DB114,2022-07-28 0:00:00,837,33.01480304,-116.8752718,
AS_SP15,LOAD,CRELMN_6_LD30,CREELMAN_6_N014,99163_RAMONAGN_12.0_LD30,22M7_DB114,2022-07-28 0:00:00,833,33.01822478,-116.8530237,
AS_SP26,LOAD,CRELMN_6_LD30,CREELMAN_6_N014,99163_RAMONAGN_12.0_LD30,22M7_DB114,2022-07-28 0:00:00,833,33.01822478,-116.8530237,
AS_SP15,LOAD,CRELMN_6_LD31,CREELMAN_6_N001,22152_CREELMAN_69.0_LD31,22M7_DB114,2022-07-28 0:00:00,834,33.01799513,-116.8532499,
AS_SP26,LOAD,CRELMN_6_LD31,CREELMAN_6_N001,22152_CREELMAN_69.0_LD31,22M7_DB114,2022-07-28 0:00:00,834,33.01799513,-116.8532499,
AS_SP15,LOAD,CRELMN_6_LD32,CREELMAN_6_N004,22154_RAMN GEN_12.0_LD32,22M7_DB114,2022-07-28 0:00:00,835,33.01797763,-116.8528224,
AS_SP26,LOAD,CRELMN_6_LD32,CREELMAN_6_N004,22154_RAMN GEN_12.0_LD32,22M7_DB114,2022-07-28 0:00:00,835,33.01797763,-116.8528224,
AS_SP26,GEN,VLCNTR_6_VCSLR1,VLYCGEN_7_N002,22871_VLYC GEN_12.0_GU1,22M7_DB114,2022-07-28 0:00:00,5170,33.2326448,-117.0028289,
AS_SP15,GEN,VLCNTR_6_VCSLR1,VLYCGEN_7_N002,22871_VLYC GEN_12.0_GU1,22M7_DB114,2022-07-28 0:00:00,5170,33.2326448,-117.0028289,
AS_SP15,GEN,VLCNTR_6_VCSLR2,VLYCGEN_7_N003,22871_VLYC GEN_12.0_GU2,22M7_DB114,2022-07-28 0:00:00,5171,33.2325483,-117.0014186,
AS_SP26,GEN,VLCNTR_6_VCSLR2,VLYCGEN_7_N003,22871_VLYC GEN_12.0_GU2,22M7_DB114,2022-07-28 0:00:00,5171,33.2325483,-117.0014186,
AS_SP15,LOAD,VLCNTR_6_LD1,VALCNTR_6_N001,22871_VLYC GEN_12.0_LD31,22M7_DB114,2022-07-28 0:00:00,5166,33.23068428,-117.0184155,
AS_SP26,LOAD,VLCNTR_6_LD1,VALCNTR_6_N001,22871_VLYC GEN_12.0_LD31,22M7_DB114,2022-07-28 0:00:00,5166,33.23068428,-117.0184155,
AS_SP26,LOAD,RINCN_6_LD30,RINCON_6_N008,22688_RINCON _69.0_LD30,22M7_DB114,2022-07-28 0:00:00,3785,33.28602324,-116.9587942,
AS_SP15,LOAD,RINCN_6_LD30,RINCON_6_N008,22688_RINCON _69.0_LD30,22M7_DB114,2022-07-28 0:00:00,3785,33.28602324,-116.9587942,
AS_SP26,LOAD,RINCN_6_LD31,RINCON_6_N001,22688_RINCON _69.0_LD31,22M7_DB114,2022-07-28 0:00:00,3786,33.28600294,-116.9585035,
AS_SP15,LOAD,RINCN_6_LD31,RINCON_6_N001,22688_RINCON _69.0_LD31,22M7_DB114,2022-07-28 0:00:00,3786,33.28600294,-116.9585035,
AS_NP26,LOAD,RINCON_1_LD1,RINCON_1_N003,31250_RINCON _115_LD1,22M7_DB114,2022-07-28 0:00:00,3787,33.28576216,-116.958746,
AS_NP15,LOAD,RINCON_1_LD1,RINCON_1_N003,31250_RINCON _115_LD1,22M7_DB114,2022-07-28 0:00:00,3787,33.28576216,-116.958746,
AS_NP15,LOAD,RINCON_1_LD2,RINCON_1_N001,31250_RINCON _115_LD2,22M7_DB114,2022-07-28 0:00:00,3788,33.28577862,-116.9584794,
AS_NP26,LOAD,RINCON_1_LD2,RINCON_1_N001,31250_RINCON _115_LD2,22M7_DB114,2022-07-28 0:00:00,3788,33.28577862,-116.9584794,
AS_SP15,LOAD,STUART_6_LD30,STUART_6_N001,22804_STUART _69.0_LD1,22M7_DB114,2022-07-28 0:00:00,4788,33.25671933,-117.4165729,
AS_SP26,LOAD,STUART_6_LD30,STUART_6_N001,22804_STUART _69.0_LD1,22M7_DB114,2022-07-28 0:00:00,4788,33.25671933,-117.4165729,
AS_NP15,LOAD,LASPLG_6_LD1,LASPLGS_6_N001,33376_LAS PLGS_60.0_LD1,22M7_DB114,2022-07-28 0:00:00,2054,33.31286664,-117.4671652,
AS_NP26,LOAD,LASPLG_6_LD1,LASPLGS_6_N001,33376_LAS PLGS_60.0_LD1,22M7_DB114,2022-07-28 0:00:00,2054,33.31286664,-117.4671652,
AS_SP26,LOAD,LPULGS_6_LD30,LASPULGS_6_N001,22400_LASPULGS_69.0_LD1,22M7_DB114,2022-07-28 0:00:00,2211,33.31283306,-117.4667796,
AS_SP15,LOAD,LPULGS_6_LD30,LASPULGS_6_N001,22400_LASPULGS_69.0_LD1,22M7_DB114,2022-07-28 0:00:00,2211,33.31283306,-117.4667796,
AS_SP26,LOAD,JAPNSE_6_LD30,JAPMESA_6_N007,22368_JAP MESA_69.0_LD30,22M7_DB114,2022-07-28 0:00:00,1848,33.37432653,-117.5548847,
AS_SP15,LOAD,JAPNSE_6_LD30,JAPMESA_6_N007,22368_JAP MESA_69.0_LD30,22M7_DB114,2022-07-28 0:00:00,1848,33.37432653,-117.5548847,
AS_SP15,LOAD,JAPNSE_6_LD31,JAPMESA_6_N001,22368_JAP MESA_69.0_LD31,22M7_DB114,2022-07-28 0:00:00,1849,33.37436248,-117.5546716,
AS_SP26,LOAD,JAPNSE_6_LD31,JAPMESA_6_N001,22368_JAP MESA_69.0_LD31,22M7_DB114,2022-07-28 0:00:00,1849,33.37436248,-117.5546716,
AS_SP15,GEN,SONGS_7_UNIT 3,SONOFR3_7_B1,24130_S.ONOFR3_22.0_GU3,22M7_DB114,2022-07-28 0:00:00,4671,33.36924838,-117.5533188,
AS_SP26,GEN,SONGS_7_UNIT 3,SONOFR3_7_B1,24130_S.ONOFR3_22.0_GU3,22M7_DB114,2022-07-28 0:00:00,4671,33.36924838,-117.5533188,
AS_SP26,GEN,SONGS_7_UNIT 2,SONOFR2_7_B1,24129_S.ONOFR2_22.0_GU2,22M7_DB114,2022-07-28 0:00:00,4670,33.36961903,-117.554133,
AS_SP15,GEN,SONGS_7_UNIT 2,SONOFR2_7_B1,24129_S.ONOFR2_22.0_GU2,22M7_DB114,2022-07-28 0:00:00,4670,33.36961903,-117.554133,
AS_SP26,LOAD,SONGS_2_LD-3XR,SONOFRE_2_N067,24131_S.ONOFRE_230_LDA3,22M7_DB114,2022-07-28 0:00:00,4668,33.3697053,-117.5545154,
AS_SP15,LOAD,SONGS_2_LD-3XR,SONOFRE_2_N067,24131_S.ONOFRE_230_LDA3,22M7_DB114,2022-07-28 0:00:00,4668,33.3697053,-117.5545154,
AS_SP15,LOAD,BARRET_6_LD31,BARRETT_6_N001,22040_BARRETT _69.0_LD1,22M7_DB114,2022-07-28 0:00:00,211,32.66715153,-116.7002197,
AS_SP26,LOAD,BARRET_6_LD31,BARRETT_6_N001,22040_BARRETT _69.0_LD1,22M7_DB114,2022-07-28 0:00:00,211,32.66715153,-116.7002197,
AS_SP26,LOAD,CAMERN_6_LD30,CAMERON_6_N001,22104_CAMERON _69.0_LD1,22M7_DB114,2022-07-28 0:00:00,503,32.653268,-116.4881736,
AS_SP15,LOAD,CAMERN_6_LD30,CAMERON_6_N001,22104_CAMERON _69.0_LD1,22M7_DB114,2022-07-28 0:00:00,503,32.653268,-116.4881736,
AS_SP15,GEN,CRSTWD_6_KUMYAY,KUMEYAAY_7_N001,22904_KUMEYAAY_34.5_GUKY,22M7_DB114,2022-07-28 0:00:00,863,32.69901509,-116.3539488,
AS_SP26,GEN,CRSTWD_6_KUMYAY,KUMEYAAY_7_N001,22904_KUMEYAAY_34.5_GUKY,22M7_DB114,2022-07-28 0:00:00,863,32.69901509,-116.3539488,
AS_SP15,LOAD,CRSTWD_6_LD30,CRESTWD_6_N001,22902_CRESTWD _69.0_LD1,22M7_DB114,2022-07-28 0:00:00,864,32.69901746,-116.3535954,
AS_SP26,LOAD,CRSTWD_6_LD30,CRESTWD_6_N001,22902_CRESTWD _69.0_LD1,22M7_DB114,2022-07-28 0:00:00,864,32.69901746,-116.3535954,
AS_SP15,LOAD,GCLIFF_6_LD30,GLENCLIF_6_N001,22324_GLENCLIF_69.0_LD1,22M7_DB114,2022-07-28 0:00:00,1474,32.79837115,-116.49827,
AS_SP26,LOAD,GCLIFF_6_LD30,GLENCLIF_6_N001,22324_GLENCLIF_69.0_LD1,22M7_DB114,2022-07-28 0:00:00,1474,32.79837115,-116.49827,
AS_SP15,LOAD,DESCAN_6_LD30,DESCANSO_6_N001,22168_DESCANSO_69.0_LD1,22M7_DB114,2022-07-28 0:00:00,974,32.86526401,-116.6336925,
AS_SP26,LOAD,DESCAN_6_LD30,DESCANSO_6_N001,22168_DESCANSO_69.0_LD1,22M7_DB114,2022-07-28 0:00:00,974,32.86526401,-116.6336925,
AS_SP15,LOAD,SNTABL_6_LD30,SANTYSBL_6_N001,22736_SANTYSBL_69.0_LD1,22M7_DB114,2022-07-28 0:00:00,4655,33.11072149,-116.6711126,
AS_SP26,LOAD,SNTABL_6_LD30,SANTYSBL_6_N001,22736_SANTYSBL_69.0_LD1,22M7_DB114,2022-07-28 0:00:00,4655,33.11072149,-116.6711126,
AS_SP26,LOAD,WRNERS_6_LD1,WARNERS_6_N001,22884_WARNERS _69.0_LD1,22M7_DB114,2022-07-28 0:00:00,5340,33.24736265,-116.6757664,
AS_SP15,LOAD,WRNERS_6_LD1,WARNERS_6_N001,22884_WARNERS _69.0_LD1,22M7_DB114,2022-07-28 0:00:00,5340,33.24736265,-116.6757664,
AS_SP26,GEN,BREGGO_6_SOLAR,BORREGO_6_N009,22084_BORREGO _69.0_GU1,22M7_DB114,2022-07-28 0:00:00,397,33.29123895,-116.3530361,
AS_SP15,GEN,BREGGO_6_SOLAR,BORREGO_6_N009,22084_BORREGO _69.0_GU1,22M7_DB114,2022-07-28 0:00:00,397,33.29123895,-116.3530361,